f000,f001,f002,f003,f004,f005,f006,f007,f008,f009,f010,f011,f012,f013,f014,f015,f016,f017,f018,f019,f020,f021,f022,f023,f024,f025,f026,f027,f028,f029,f030,f031,f032,f033,f034,f035,f036,f037,f038,f039,f040,f041,f042,f043,f044,f045,f046,f047,f048,f049,f050,f051,f052,f053,f054,f055,f056,f057,f058,f059,f060,f061,f062,f063,f064,f065,f066,f067,f068,f069,f070,f071,f072,f073,f074,f075,f076,f077,f078,f079,f080,f081,f082,f083,f084,f085,f086,f087,f088,f089,f090,f091,f092,f093,f094,f095,f096,f097,f098,f099,f100,f101,f102,f103,f104,f105,f106,f107,f108,f109,f110,f111,f112,f113,f114,f115,f116,f117,f118,f119,f120,f121,f122,f123,f124,f125,f126,f127,f128,f129,f130,f131,f132,f133,f134,f135,f136,f137,f138,f139,f140,f141,f142,f143,f144,f145,f146,f147,f148,f149,f150,f151,f152,f153,f154,f155,f156,f157,f158,f159,f160,f161,f162,f163,f164,f165,f166,f167,f168,f169,f170,f171,f172,f173,f174,f175,f176,f177,f178,f179,f180,f181,f182,f183,f184,f185,f186,f187,f188,f189,f190,f191,f192,f193,f194,f195,f196,f197,f198,f199,f200,f201,f202,f203,f204,f205,f206,f207,f208,f209,f210,f211,f212,f213,f214,f215,f216,f217,f218,f219,f220,f221,f222,f223,f224,f225,f226,f227,f228,f229,f230,f231,f232,f233,f234,f235,f236,f237,f238,f239,f240,f241,f242,f243,f244,f245,f246,f247,f248,f249,f250,f251,f252,f253,f254,f255,f256,f257,f258,f259,f260,f261,f262,f263,f264,f265,f266,f267,f268,f269,f270,f271,f272,f273,f274,f275,f276,f277,f278,f279,f280,f281,f282,f283,f284,f285,f286,f287,f288,f289,f290,f291,f292,f293,f294,f295,f296,f297,f298,f299,f300,f301,f302,f303,f304,f305,f306,f307,f308,f309,f310,f311,f312,f313,f314,f315,f316,f317,f318,target
63.943,2.501,27.503,22.321,73.647,67.67,89.218,8.694,42.192,2.98,21.864,50.536,2.654,19.884,64.988,54.494,22.044,58.927,80.943,0.65,80.582,69.814,34.025,15.548,95.721,33.659,9.275,9.672,84.749,60.373,80.713,72.973,53.623,97.312,37.853,55.204,82.94,61.852,86.171,57.735,70.457,4.582,22.79,28.939,7.979,23.279,10.1,27.797,63.568,36.483,37.018,20.951,26.698,93.665,64.804,60.913,17.114,72.913,16.34,37.946,98.952,64.0,55.695,68.461,84.285,77.6,22.905,3.21,31.545,26.774,21.098,94.291,87.637,31.468,65.544,39.563,91.455,45.885,26.488,24.663,56.137,26.274,58.459,89.782,39.94,21.932,99.754,50.953,9.091,4.712,10.965,62.745,79.208,42.216,6.353,38.162,99.612,52.911,97.108,86.078,1.148,72.072,68.171,53.697,26.683,64.096,11.155,43.477,45.372,95.382,87.585,26.339,50.059,17.865,91.263,87.052,29.844,63.895,60.897,15.284,76.251,53.938,77.863,53.035,0.057,32.416,1.948,92.91,87.872,83.167,30.751,5.793,87.801,94.695,8.565,48.599,6.921,76.06,76.583,12.839,47.528,54.98,26.506,87.243,42.314,21.18,53.93,72.993,20.115,31.172,99.515,64.988,43.81,51.758,12.1,22.47,33.809,58.831,23.011,22.022,7.099,63.11,22.894,90.542,85.964,7.086,23.8,66.898,21.424,13.231,93.551,57.104,47.267,78.462,80.75,19.041,9.693,43.105,42.358,46.702,72.908,67.336,98.417,9.842,40.262,33.93,86.167,24.866,19.021,44.861,42.188,27.855,24.981,92.327,44.313,86.135,55.033,5.059,99.928,83.603,96.9,92.637,84.87,16.631,48.564,21.375,40.104,5.864,37.897,98.531,26.52,78.407,45.501,42.301,95.732,99.542,55.577,71.841,15.48,29.671,96.871,57.918,54.22,74.798,5.717,58.418,50.285,85.272,15.743,96.078,8.011,18.582,59.504,67.521,23.52,11.989,89.029,24.622,59.452,61.938,41.922,58.367,52.278,93.471,20.426,71.619,23.869,39.579,67.169,30.0,31.618,75.186,7.254,45.829,99.845,99.61,7.326,21.315,26.52,93.326,88.086,87.927,36.953,15.775,83.374,70.354,61.168,98.723,65.398,0.782,81.71,29.938,66.339,93.893,13.429,11.543,10.704,55.322,27.235,60.483,71.761,20.36,63.424,26.398,48.853,90.534,84.61,9.23,42.358,27.668,0.355,77.112,63.711,26.196,74.123,55.168,42.769,0.967,7.524,88.311,90.393,54.559,83.46,58.251,14.809,12.745,30.826,89.898,79.612,86.07,89.892,21.008,24.953,10.279,78.012,88.413,40.638,62.066,15.455,0
86.461,97.621,81.077,88.142,2.479,73.656,33.219,93.082,80.224,86.406,81.075,26.681,78.737,10.81,87.217,85.859,22.243,81.659,46.03,30.519,79.535,22.76,2.366,19.313,32.826,86.435,96.689,27.912,64.148,39.968,98.115,53.622,93.924,11.534,97.04,17.857,96.253,26.547,10.84,43.456,72.855,31.368,60.621,51.142,38.52,57.659,25.472,70.879,0.169,92.558,53.845,71.943,74.195,67.063,36.422,6.997,66.424,33.02,31.392,84.802,71.975,30.032,30.928,40.839,40.24,29.566,12.729,42.045,94.036,67.732,90.281,61.551,30.095,54.794,0.041,28.691,42.989,57.998,65.471,46.499,44.216,21.37,47.319,90.118,79.602,16.969,8.48,51.545,63.294,33.519,81.842,75.114,67.28,22.464,19.913,2.443,24.484,47.514,84.974,7.283,41.444,62.977,19.444,69.635,49.438,24.398,65.606,0.554,75.096,77.005,10.659,42.515,17.589,95.797,51.796,5.022,24.92,84.834,45.646,80.142,66.758,98.789,59.545,95.004,89.143,61.265,71.927,50.478,83.057,54.787,89.721,74.366,47.467,25.919,24.724,63.766,76.581,52.13,62.675,27.46,7.748,28.573,27.172,31.971,54.015,13.837,23.126,69.395,70.642,6.423,40.76,54.261,41.577,20.683,42.014,90.484,58.408,69.552,85.673,76.559,38.038,0.59,35.176,75.348,85.345,95.343,41.902,74.752,54.613,60.325,22.054,21.942,43.584,2.902,33.613,67.914,40.432,16.504,46.739,12.763,62.226,2.697,39.402,56.439,2.71,64.275,13.57,46.17,5.028,37.91,21.166,32.685,76.123,37.913,75.201,83.192,25.227,8.191,1.938,53.942,99.991,34.996,65.014,78.123,65.175,75.423,94.961,19.936,2.038,15.238,12.622,66.946,56.397,21.796,69.946,76.69,16.779,60.725,74.793,11.453,81.93,96.472,10.81,2.568,31.196,67.735,95.817,39.665,71.501,7.6,69.061,62.724,10.19,77.248,85.029,60.041,12.106,98.384,78.264,34.72,42.838,37.057,50.596,34.123,84.958,82.233,10.554,96.079,63.559,82.871,70.731,43.549,73.38,96.547,27.008,80.82,53.817,48.35,43.557,73.103,26.84,85.171,83.073,8.666,88.163,24.386,46.471,61.033,37.899,2.87,85.095,18.184,21.212,79.783,34.034,88.032,70.118,27.627,1.015,94.806,8.561,72.007,48.858,75.816,69.061,64.59,49.082,79.293,9.305,22.16,69.179,30.621,58.156,47.326,53.092,42.55,74.594,33.079,70.285,27.092,25.14,12.066,19.258,11.955,53.586,76.219,18.515,21.638,48.42,72.459,97.661,52.464,28.3,10.053,19.412,22.748,17.944,1.415,53.414,1
4.552,5.453,29.214,94.409,63.787,75.279,10.259,1.227,28.434,47.871,34.071,96.55,25.248,86.172,11.409,6.534,49.175,57.702,68.645,15.173,81.114,94.913,8.518,24.819,55.807,41.617,59.613,61.842,77.569,38.038,90.85,29.735,58.853,42.883,56.863,6.023,96.011,9.923,76.274,62.552,26.465,8.119,23.987,55.199,15.653,40.852,68.937,46.991,3.264,28.81,28.272,85.961,7.118,23.342,26.455,79.125,58.979,80.391,19.782,11.478,22.481,14.899,26.563,14.224,5.964,79.263,59.504,82.424,92.119,43.915,46.87,30.409,40.251,27.225,53.998,43.776,59.804,88.942,73.453,60.371,2.586,22.892,67.43,86.052,58.712,2.075,76.476,82.142,57.625,76.311,17.519,51.896,44.223,27.816,99.695,43.588,81.424,96.906,47.001,40.835,32.106,10.46,16.082,41.165,49.547,66.258,40.045,76.05,3.67,8.806,25.24,11.592,77.255,86.491,82.493,0.115,86.937,46.198,5.42,51.844,62.263,49.849,44.204,5.161,26.706,13.101,28.803,88.085,48.471,2.887,63.002,79.931,70.978,31.075,1.367,40.799,22.47,84.141,11.346,94.706,64.771,15.397,93.265,29.186,70.541,41.549,48.25,47.222,45.679,14.464,19.061,59.938,74.629,13.651,6.981,77.268,85.441,33.988,78.772,26.717,0.257,72.605,83.748,57.992,65.994,86.526,44.655,48.434,33.244,76.287,37.721,93.285,86.96,98.077,23.881,38.297,85.601,41.078,31.818,47.298,91.343,38.123,98.841,79.239,65.202,15.211,96.482,12.625,96.535,33.199,10.036,84.504,9.971,91.044,1.535,14.416,87.093,96.996,7.483,78.153,26.502,62.326,39.748,8.032,32.857,67.436,53.362,95.414,62.68,88.744,48.795,54.102,61.746,23.477,68.44,28.738,22.749,9.038,97.834,76.037,70.389,10.051,16.636,29.947,2.895,32.437,5.612,35.846,43.069,24.42,41.205,68.18,18.006,17.507,60.949,38.254,68.313,49.767,58.316,23.219,63.79,45.957,66.684,89.891,46.525,28.763,54.66,7.386,94.524,98.765,29.915,96.203,69.031,45.684,30.212,99.937,85.334,10.665,38.136,35.896,29.587,69.928,2.194,83.004,39.581,0.81,86.507,77.831,97.36,91.062,74.517,83.284,90.293,77.574,23.012,80.193,21.9,19.013,25.063,75.558,76.747,68.086,13.678,9.716,62.746,3.942,78.861,3.336,36.486,13.141,90.963,32.672,41.55,20.079,78.651,87.646,36.586,50.179,27.253,16.454,91.405,94.419,96.738,29.514,87.04,80.423,46.833,7.53,75.415,22.561,67.632,67.441,39.741,84.574,55.731,9.03,39.457,26.446,12.359,1
67.283,67.234,58.456,82.242,94.029,10.835,23.382,2.502,88.423,56.141,91.526,22.137,6.322,82.386,90.939,30.219,40.83,13.978,94.626,30.436,49.262,9.719,88.726,13.566,45.364,67.049,74.314,94.597,41.913,74.227,15.452,41.488,9.902,48.935,40.812,95.152,3.272,37.053,44.338,95.056,85.545,9.935,68.568,54.447,97.784,35.867,39.814,18.981,12.216,84.803,45.472,66.277,64.17,59.715,2.136,78.679,24.357,12.592,56.458,6.861,76.516,20.716,21.595,86.97,32.856,14.755,90.053,0.284,85.841,14.469,12.999,25.065,17.45,66.106,2.578,1.486,78.998,23.793,32.377,17.425,5.24,74.172,52.609,74.567,47.625,77.802,51.324,10.905,50.384,94.542,4.337,78.323,86.698,52.145,45.804,96.403,6.083,47.898,40.162,68.61,49.027,90.97,7.349,8.079,60.83,6.568,27.502,63.308,54.836,32.519,99.463,53.056,45.372,60.543,9.918,70.178,85.279,65.092,76.896,72.084,21.502,45.155,22.849,33.893,45.35,41.599,9.509,42.676,66.511,37.43,15.264,92.299,6.713,83.177,9.323,9.656,73.88,81.177,55.637,58.647,56.159,32.965,12.223,35.36,66.534,75.028,86.809,72.106,96.84,60.041,35.165,57.792,21.274,65.674,22.424,10.822,84.537,36.756,76.261,57.41,80.722,84.516,97.455,81.843,61.357,64.27,2.625,92.908,82.946,26.745,18.042,70.27,30.898,33.982,0.611,86.986,56.632,40.078,14.187,63.317,3.066,74.611,21.513,41.983,34.09,37.005,72.16,77.684,56.759,8.496,5.261,15.741,61.784,67.397,27.21,66.194,48.566,44.204,27.317,75.494,11.382,42.991,28.325,67.849,48.663,66.713,4.542,39.526,59.932,0.769,30.142,21.123,13.723,25.552,32.812,0.773,74.701,17.569,38.021,70.367,50.026,83.335,80.62,7.208,86.176,4.23,1.874,92.116,86.211,57.576,57.34,70.95,41.769,11.517,2.086,32.477,80.132,61.813,83.203,91.977,8.813,84.448,24.332,58.887,52.396,39.577,31.027,33.951,33.307,16.813,51.048,11.403,50.995,90.592,34.938,72.738,81.895,81.504,23.627,14.644,19.727,60.24,76.022,65.551,17.715,77.285,49.412,75.445,75.988,44.891,92.415,56.449,63.53,62.452,86.425,62.722,15.096,6.829,44.221,30.282,27.467,5.617,50.734,31.041,45.191,5.689,83.17,7.673,86.425,85.529,61.501,50.707,46.271,55.432,79.182,89.588,44.973,80.982,65.184,32.153,47.563,15.086,6.187,10.35,89.913,34.344,71.432,50.455,17.256,24.774,43.776,43.942,52.275,15.875,37.285,28.289,40.877,33.837,59.789,1
6.591,9.451,67.838,28.415,72.373,65.656,90.634,87.328,33.336,58.274,14.143,34.982,96.77,69.848,39.196,59.504,93.8,30.958,37.668,79.166,81.318,67.012,82.896,73.877,68.541,52.639,64.602,42.341,36.183,36.26,18.026,21.419,94.767,48.627,22.654,13.757,7.717,84.443,10.114,77.087,83.512,88.368,3.775,33.676,76.631,13.105,37.672,16.225,83.135,77.11,80.904,16.554,43.767,41.086,67.636,23.753,44.42,28.493,74.854,44.893,53.401,30.947,80.862,46.902,83.511,36.784,94.713,98.444,46.168,28.177,38.187,52.746,96.627,81.689,80.126,13.84,25.0,64.118,87.412,55.454,10.259,84.589,85.117,28.506,76.312,27.279,90.531,14.735,43.747,94.641,22.204,45.113,34.959,2.667,5.326,50.201,23.578,99.453,37.491,2.819,93.083,83.918,64.996,79.138,13.76,28.688,82.976,69.607,13.879,70.554,44.86,0.525,7.923,25.592,83.496,54.88,72.723,52.777,11.119,28.81,30.115,4.775,41.983,79.39,45.711,11.086,90.515,59.674,1.644,51.538,24.194,14.358,42.924,61.481,24.056,41.657,66.437,8.561,97.465,6.768,52.606,50.733,98.833,55.415,39.045,47.014,63.567,98.104,25.365,1.624,78.852,34.48,73.294,62.826,77.15,73.519,33.252,4.434,54.601,81.351,17.509,77.914,46.462,69.539,63.174,81.15,6.31,77.619,45.768,29.344,4.381,19.947,4.191,93.337,51.538,98.912,54.303,25.331,75.329,19.11,35.697,78.084,86.58,33.192,12.448,36.802,88.949,74.331,89.464,38.664,97.372,49.62,49.752,92.431,51.928,80.115,72.708,7.893,60.245,82.234,54.547,32.121,8.007,66.092,30.65,60.262,42.612,68.976,35.155,4.236,87.004,35.256,99.815,27.456,98.003,94.79,7.504,63.751,36.331,80.11,67.941,95.279,14.278,60.757,78.131,3.48,6.723,77.852,36.633,38.285,56.724,60.509,67.906,94.882,37.201,76.308,57.392,52.946,39.803,64.956,24.961,11.345,73.567,49.904,38.699,56.167,26.178,26.029,44.627,99.637,28.558,91.648,49.12,12.264,85.283,45.204,89.868,44.511,8.779,68.193,84.552,31.959,34.743,6.494,54.217,89.133,85.136,71.181,92.732,63.77,79.37,50.876,12.136,20.098,13.888,79.037,2.628,55.402,36.891,80.366,55.165,61.195,8.622,30.929,99.96,71.887,52.57,76.916,82.334,7.375,97.238,64.234,44.997,68.011,34.451,87.796,78.026,63.979,18.196,96.626,43.262,91.071,5.541,12.416,15.302,16.466,32.266,70.933,34.602,94.09,89.493,84.593,25.061,63.506,55.084,12.517,30.282,53.348,50.257,0
59.181,58.065,17.12,62.448,90.2,33.762,92.393,4.119,86.378,8.122,94.855,77.102,26.466,21.081,57.214,61.811,3.029,88.9,54.558,64.191,30.209,24.488,80.735,40.609,45.354,68.861,15.808,41.562,46.444,34.019,14.367,86.149,31.932,98.802,34.537,39.872,76.066,51.498,10.618,24.174,12.252,44.96,14.088,5.061,94.538,86.416,41.813,96.269,90.231,81.348,93.375,72.113,18.983,15.934,99.597,46.682,87.908,49.737,9.005,39.324,45.723,24.073,58.334,4.866,28.136,59.752,84.285,67.252,28.575,0.818,10.75,13.393,26.447,36.578,40.325,4.524,5.116,56.182,36.252,28.86,38.635,45.035,54.986,82.531,62.324,61.104,12.866,9.668,37.32,98.679,55.783,36.561,14.427,60.246,40.139,4.025,3.891,71.359,80.397,51.933,14.894,89.313,13.978,93.137,31.853,39.295,61.65,84.26,59.372,50.731,50.971,48.985,56.292,47.489,1.664,33.124,10.96,41.654,30.768,89.877,87.21,62.926,59.691,26.553,65.559,97.206,57.847,22.754,5.136,48.045,52.423,72.118,77.461,38.019,82.166,24.22,57.257,70.052,19.078,44.104,41.878,41.296,20.389,50.182,61.148,47.161,84.838,72.74,70.578,51.868,56.089,99.812,47.837,37.682,95.669,45.966,53.313,54.627,67.587,86.765,68.075,80.365,26.436,48.418,95.734,27.901,29.85,94.149,98.226,77.117,70.49,69.024,48.9,47.98,56.049,93.449,72.166,28.779,57.348,54.319,89.576,39.453,34.513,77.306,14.648,4.207,95.531,7.903,92.401,65.597,74.734,21.399,82.795,27.113,56.202,27.162,10.923,74.089,23.928,5.077,90.518,22.567,23.284,10.02,33.029,47.24,68.119,13.747,96.452,97.791,15.794,65.289,88.065,47.57,65.054,75.591,28.725,28.542,5.916,76.872,65.23,23.222,73.869,85.033,3.73,92.147,41.788,83.76,93.392,3.634,83.62,78.796,18.631,74.9,87.229,28.947,3.747,29.839,60.278,92.845,33.504,45.435,64.131,52.432,88.926,13.42,50.421,27.284,80.881,33.068,73.112,64.829,71.86,1.408,33.711,29.502,67.44,19.316,61.095,63.873,40.549,42.77,32.793,40.083,9.539,98.169,47.745,93.583,0.683,38.357,44.674,26.699,32.963,58.246,57.288,26.155,35.955,23.63,66.779,46.539,15.972,68.607,92.311,88.78,76.984,69.029,63.871,94.064,36.754,22.085,95.736,47.818,45.498,98.884,37.362,70.194,91.28,75.735,80.199,82.56,76.186,68.034,59.581,78.737,52.551,52.817,36.178,91.724,11.221,82.877,90.289,20.216,53.666,16.454,85.449,44.184,68.03,71.692,48.883,1
80.869,45.343,51.325,45.68,5.774,46.238,80.692,72.328,39.595,81.645,74.58,57.831,4.529,34.453,6.376,99.412,93.458,6.902,93.378,3.173,40.887,76.897,76.583,97.833,64.588,42.036,99.286,38.248,86.962,90.677,37.565,68.273,66.179,53.93,65.353,34.777,17.847,53.726,52.884,72.786,22.269,0.347,2.274,29.836,67.35,54.445,53.193,82.336,24.751,34.616,27.565,93.741,72.502,11.284,80.948,41.924,76.605,88.376,1.565,20.608,10.09,3.358,59.778,70.329,4.868,74.054,40.227,23.434,21.727,86.373,5.644,50.39,28.926,81.579,73.152,31.89,59.792,67.253,32.067,30.176,14.326,66.021,22.104,30.05,6.096,94.852,87.971,91.158,62.599,42.72,49.562,97.229,94.159,67.134,78.58,31.873,41.632,14.922,37.646,75.442,47.352,84.934,30.074,70.758,80.578,91.474,56.239,96.779,55.729,13.409,24.286,20.334,64.671,92.223,84.713,9.246,72.458,19.048,26.846,67.367,60.292,87.362,18.816,76.17,72.431,55.885,47.939,86.947,33.296,95.702,1.533,93.716,96.208,11.732,99.957,47.892,24.259,60.44,20.451,91.513,55.208,77.551,38.066,53.365,35.926,26.156,51.282,49.728,9.861,98.132,46.949,83.973,91.433,37.07,41.393,56.252,22.127,14.592,26.077,93.476,57.914,41.758,15.241,32.987,37.984,83.336,49.93,65.461,68.485,25.733,82.159,96.651,64.169,49.06,16.823,79.498,16.927,72.031,48.832,91.69,54.214,64.181,5.873,3.382,84.67,94.519,66.822,76.434,41.239,84.254,23.143,70.717,0.914,50.573,37.32,61.784,66.675,61.652,48.32,48.785,0.661,55.164,1.185,52.942,27.474,97.748,1.714,81.316,67.403,80.617,90.977,10.702,9.631,14.89,19.193,52.646,81.521,26.732,39.69,37.305,40.603,56.5,99.023,22.586,68.404,84.787,65.374,85.822,75.959,9.35,37.926,55.27,5.611,0.945,17.138,49.986,43.391,78.438,56.586,85.796,9.536,52.816,4.255,21.142,86.812,88.755,47.55,4.656,7.435,92.558,89.931,56.351,3.29,92.877,31.448,96.147,58.704,75.225,71.271,39.83,7.694,16.245,24.047,83.465,38.916,89.653,33.173,75.561,13.995,98.848,72.416,50.079,97.432,5.37,43.709,83.867,34.059,76.901,95.486,39.67,77.355,2.963,27.333,99.259,49.06,35.581,94.114,43.185,67.969,66.067,8.569,61.862,79.806,71.311,8.204,15.422,71.168,63.39,73.966,31.668,10.655,0.52,30.827,35.992,26.977,13.251,18.739,44.884,55.474,40.804,2.626,35.391,9.306,59.804,32.443,38.524,29.185,38.78,8.47,0
57.196,16.958,38.073,13.884,30.113,49.312,6.327,43.468,42.11,48.423,7.692,25.17,24.659,62.503,59.381,19.555,10.697,30.466,94.882,33.222,62.019,80.408,32.954,33.474,81.548,85.951,97.423,13.612,32.067,94.728,20.085,31.418,96.457,96.873,29.145,69.496,49.101,57.588,24.242,37.606,81.649,39.294,11.389,56.385,59.223,54.563,68.171,55.01,95.3,46.162,70.837,43.845,29.133,69.284,81.897,79.566,40.914,49.93,63.334,24.202,65.866,71.524,78.908,7.397,99.07,47.923,40.081,50.661,92.039,69.171,54.365,79.072,35.953,89.55,53.691,63.818,8.498,76.895,65.76,35.501,64.7,4.43,98.361,67.747,39.962,75.268,96.572,43.046,1.055,25.874,51.068,51.88,58.052,57.524,44.578,39.113,77.234,58.859,50.047,34.497,2.456,10.455,41.598,96.173,11.607,94.068,14.168,31.189,45.533,20.687,48.293,47.616,43.817,69.676,31.891,30.026,81.019,11.509,84.918,64.797,67.714,16.435,98.39,24.391,17.445,16.014,55.985,95.846,23.186,40.505,18.445,64.048,43.213,2.919,61.411,19.732,59.22,38.884,70.474,20.578,75.233,80.873,6.256,10.175,87.198,18.696,32.598,45.755,26.235,86.264,52.772,63.911,59.697,61.131,58.7,34.792,84.552,61.736,81.374,70.599,29.744,61.448,8.475,13.395,11.786,30.538,18.304,69.344,51.082,41.824,13.787,38.371,18.575,63.55,69.343,64.526,99.99,55.491,48.964,14.03,31.458,45.1,5.361,35.904,0.958,13.653,81.522,96.383,50.544,49.497,68.47,41.563,83.989,48.87,8.267,3.086,76.106,29.209,27.485,53.761,16.821,45.732,74.252,76.592,54.973,11.321,11.421,77.511,82.328,36.686,82.261,4.161,71.898,54.635,98.978,10.242,83.007,75.135,29.771,99.931,44.973,34.858,81.673,43.907,99.396,77.563,23.695,81.07,58.792,35.063,71.075,63.277,16.598,13.923,20.662,20.694,5.936,35.082,28.109,53.877,32.365,70.405,28.933,26.734,85.802,98.549,67.93,9.523,96.277,78.569,91.877,99.249,86.705,12.689,86.608,24.968,71.139,82.848,76.147,67.623,48.946,57.743,26.872,41.423,45.199,63.363,88.013,9.309,51.561,27.823,93.634,36.907,95.025,32.729,0.247,77.414,73.272,73.093,45.845,66.414,35.822,6.333,53.442,21.783,42.964,21.185,26.854,82.834,33.776,57.793,56.614,48.534,34.374,68.255,4.841,9.957,78.389,45.958,12.424,85.765,44.129,0.068,95.803,20.232,68.859,13.191,65.0,15.898,93.273,27.402,65.459,25.039,37.184,90.38,16.553,39.634,30.551,69.944,23.414,0
70.37,0.109,47.681,13.27,22.619,67.998,0.929,69.56,81.711,98.815,42.231,13.218,7.083,38.307,73.076,10.243,31.335,88.099,13.713,77.346,75.316,13.315,99.294,14.285,53.051,0.847,65.002,44.01,72.243,62.808,15.137,41.171,68.657,85.996,8.669,10.047,75.245,58.957,38.403,96.325,31.45,13.983,27.697,8.425,55.34,60.001,60.759,77.897,69.048,84.789,65.841,30.165,51.775,50.952,74.784,29.554,5.457,89.791,95.467,49.489,11.274,49.958,59.393,52.829,97.77,98.688,93.392,13.198,86.081,56.838,36.541,68.294,76.273,95.445,77.037,1.669,6.753,26.219,3.983,6.047,78.929,50.661,62.857,50.105,41.543,70.181,8.243,53.656,61.605,27.747,30.991,51.13,20.32,80.806,53.639,39.073,63.429,83.453,68.106,6.612,69.868,72.996,84.647,5.791,8.621,43.448,45.337,60.883,30.929,74.169,74.066,11.944,70.79,70.15,16.383,95.302,52.301,78.299,72.077,16.696,12.693,78.112,26.876,88.641,77.143,2.936,80.711,27.198,6.387,71.232,57.665,7.707,45.52,36.012,49.961,56.689,36.769,25.512,10.29,57.391,72.278,22.84,50.882,4.404,86.293,24.455,47.176,38.298,15.008,93.116,85.749,55.286,91.395,74.067,41.937,32.18,41.626,72.029,27.126,7.789,37.281,50.204,90.194,17.934,80.434,98.141,95.408,6.893,46.509,28.231,84.485,32.73,55.309,0.797,20.067,56.381,30.391,62.272,46.393,59.169,49.336,77.261,19.542,90.044,76.048,24.513,0.638,41.004,23.3,34.642,83.957,87.72,95.099,0.146,65.73,84.901,72.722,10.395,52.981,23.817,49.203,5.99,99.696,71.165,9.303,92.127,89.729,51.976,70.085,37.249,97.455,8.49,9.558,13.351,81.996,7.483,56.782,43.498,96.422,23.677,26.099,31.501,80.082,70.073,73.535,31.806,27.196,7.469,20.271,77.994,58.471,15.541,16.437,46.606,40.651,53.592,96.463,20.764,30.831,26.501,11.991,15.762,68.605,82.639,69.688,4.033,83.592,32.779,9.121,24.822,35.574,51.346,67.718,26.017,99.068,3.108,40.439,45.22,74.808,24.985,46.204,80.39,13.979,1.196,83.037,98.257,13.072,82.367,37.224,63.03,64.469,58.232,25.882,81.275,2.18,6.447,90.25,44.343,12.879,90.508,82.936,33.155,4.27,46.099,16.799,57.388,82.169,39.5,2.948,68.321,17.281,21.472,18.715,27.985,88.342,3.465,61.918,24.578,29.511,41.199,55.069,6.098,27.978,13.724,19.946,88.465,52.581,63.075,80.217,79.485,98.94,78.192,35.911,54.452,48.468,91.268,50.239,38.838,17.982,1
59.712,2.93,81.069,28.093,80.865,47.168,35.743,58.399,23.276,15.962,24.786,24.115,53.369,79.124,73.706,76.405,94.78,57.569,98.266,38.842,93.521,99.154,17.371,23.655,31.8,73.811,35.878,59.156,70.345,35.168,56.765,14.21,94.837,83.67,81.04,97.039,54.212,17.556,3.796,5.617,60.166,1.993,47.799,33.173,61.413,80.645,34.076,17.746,80.242,86.822,5.956,14.771,70.47,14.165,11.092,52.629,36.489,7.253,70.454,66.214,58.602,33.656,32.26,97.586,73.235,43.687,63.927,48.72,31.728,70.718,56.198,88.96,61.371,35.683,66.553,81.445,37.838,73.399,29.452,17.771,0.18,70.201,57.283,85.076,77.083,56.748,18.208,31.822,80.881,61.138,63.965,10.411,49.619,33.117,7.781,34.681,31.952,63.619,96.308,82.166,67.002,72.929,33.575,1.14,20.968,69.318,35.048,78.702,72.041,4.815,43.822,41.965,16.634,41.402,88.177,35.123,37.535,82.881,78.873,57.806,75.824,22.558,45.129,79.919,3.341,2.008,26.113,10.473,34.181,88.793,16.09,7.5,94.183,97.804,33.795,98.528,89.323,70.45,43.132,65.364,60.732,43.42,5.356,33.109,97.44,40.928,55.411,92.557,54.013,66.06,29.74,9.592,39.29,54.966,49.095,5.45,0.382,8.763,82.39,62.509,48.033,9.699,20.695,63.819,97.706,47.357,11.551,78.488,47.094,89.488,26.5,64.187,38.753,37.102,38.145,18.658,4.462,43.974,26.34,83.708,56.425,15.113,69.647,9.67,66.814,80.818,41.399,75.646,22.751,6.098,38.711,52.258,96.563,68.707,93.636,57.271,23.564,29.885,39.48,85.394,3.473,57.122,51.682,57.149,98.275,14.745,94.925,44.904,94.906,16.716,21.189,19.273,4.268,7.837,68.313,20.192,82.256,14.788,59.505,31.975,72.71,80.734,8.703,55.636,55.205,85.662,51.969,91.716,1.236,70.041,58.758,78.169,11.252,14.964,56.659,58.268,96.483,10.02,10.563,77.954,78.575,86.748,88.014,87.789,26.414,65.479,57.202,47.305,17.22,40.297,61.824,68.081,40.172,39.579,87.896,69.051,4.929,47.522,26.858,37.244,33.787,79.365,31.095,84.285,85.823,68.485,97.25,22.796,30.048,74.372,77.403,32.087,72.88,60.498,8.929,44.172,91.343,40.717,48.446,51.65,37.391,5.621,79.149,6.562,70.957,40.339,78.052,52.429,56.867,17.374,87.518,20.073,5.763,3.307,5.056,36.038,19.911,36.835,46.422,39.694,92.307,68.117,24.194,48.879,44.61,96.052,47.458,55.133,34.425,83.765,25.866,83.087,9.039,2.745,4.965,85.382,77.983,21.432,22.135,0
67.77,26.908,40.951,2.005,78.03,76.757,0.89,91.152,64.737,60.114,0.846,25.239,80.509,30.546,96.702,64.274,42.381,37.648,34.871,25.2,46.67,67.72,82.431,39.715,10.231,51.151,66.236,84.328,37.423,64.734,60.905,29.848,10.81,6.384,98.836,64.059,86.149,26.115,71.109,89.237,29.879,14.993,76.547,89.969,80.543,80.236,60.003,66.053,68.076,72.128,65.54,99.747,25.943,41.857,38.827,3.532,70.807,57.204,18.992,72.655,22.236,53.464,78.49,90.653,67.187,50.731,84.542,84.064,87.649,18.114,9.76,12.794,25.865,80.834,76.292,18.307,67.971,33.563,8.93,35.528,74.421,30.709,78.809,33.132,26.056,29.405,85.121,47.054,86.639,58.357,94.43,7.122,88.943,50.048,86.75,38.167,29.836,5.406,85.424,13.737,20.03,40.919,56.94,90.662,45.757,31.638,71.567,77.894,48.758,63.103,17.682,63.45,0.471,27.353,76.119,16.861,76.448,48.958,76.357,8.804,61.448,63.349,40.339,96.533,38.332,3.773,19.941,37.31,1.408,32.221,83.323,19.058,67.675,62.669,24.882,69.352,34.435,12.893,38.355,58.867,16.702,82.384,29.82,29.083,72.783,59.637,33.784,88.797,99.547,34.273,90.138,35.925,18.843,94.808,91.821,40.339,22.842,72.717,13.121,73.408,58.969,16.898,36.659,65.054,3.736,87.654,25.579,53.473,4.859,99.468,66.197,65.357,1.974,68.975,41.678,38.025,54.728,47.44,15.313,69.519,63.031,30.112,66.166,66.248,26.998,60.563,13.716,83.065,10.491,71.877,11.773,11.401,10.626,19.865,19.975,26.299,52.315,20.167,70.344,29.535,3.941,49.635,20.769,93.312,33.06,0.274,67.163,90.688,83.523,66.902,14.914,9.008,51.171,72.356,10.129,25.589,23.116,98.867,29.602,46.428,9.981,17.47,3.944,29.057,80.16,31.271,73.854,9.5,75.82,4.589,85.2,66.336,17.051,35.753,43.771,62.181,87.848,9.295,81.496,18.287,40.078,96.231,27.183,38.572,85.067,79.99,64.885,79.691,11.306,69.617,5.865,94.247,15.94,41.603,59.075,80.226,67.839,18.126,37.975,35.86,2.882,68.446,83.854,97.344,13.066,92.04,11.294,41.128,4.597,26.161,31.424,70.457,67.793,76.753,57.665,56.501,97.79,66.984,33.83,52.31,70.058,9.524,66.171,24.858,34.575,67.63,38.488,83.903,55.834,98.779,5.457,64.34,15.693,84.885,85.187,86.942,7.487,49.165,24.089,97.015,5.035,22.271,64.332,40.328,23.5,45.909,80.126,44.81,85.659,44.707,11.871,49.737,65.337,10.264,41.234,55.713,0.017,9.09,60.42,1
89.011,56.233,65.46,45.621,34.085,82.531,81.659,84.432,33.197,76.742,59.995,71.666,36.329,45.253,9.744,65.891,0.22,35.514,63.366,79.991,54.769,37.389,10.632,89.688,49.242,82.184,74.251,40.921,25.429,19.592,12.075,85.219,21.559,82.455,19.058,33.793,75.715,4.65,63.324,67.214,12.322,89.175,45.739,58.932,50.42,96.385,0.434,73.621,55.323,43.281,58.512,92.437,78.108,91.018,69.182,17.365,81.524,10.355,65.752,60.616,32.184,88.139,41.866,60.899,69.252,24.824,39.787,34.286,29.417,80.48,13.818,60.252,88.644,51.229,84.307,54.781,31.391,73.682,55.358,21.734,20.971,71.438,68.661,92.119,13.267,71.04,97.518,17.781,54.249,63.688,71.035,76.078,56.228,58.281,94.267,71.012,67.424,89.387,53.39,87.748,42.239,1.277,10.647,38.087,5.306,5.66,26.698,78.553,98.353,68.339,14.643,6.203,78.436,20.4,54.117,35.868,45.259,61.611,67.553,56.188,22.431,64.712,38.889,51.092,79.683,69.613,69.294,4.698,38.158,41.657,78.811,68.515,96.583,5.38,74.367,20.309,86.885,86.044,44.306,22.555,63.379,70.955,36.774,58.839,73.845,19.647,72.491,19.35,44.881,98.345,7.447,96.248,73.508,11.935,4.063,27.911,26.424,16.093,84.601,0.565,46.633,93.749,3.994,92.863,59.688,77.366,62.537,84.314,30.115,78.991,55.016,7.288,70.768,52.54,95.699,52.061,78.626,15.937,54.308,40.342,34.94,88.34,66.333,33.107,29.357,95.031,61.828,47.486,56.133,75.213,64.93,11.472,34.601,24.035,64.226,91.861,24.383,3.988,88.566,38.137,79.621,11.337,25.659,72.398,2.471,51.687,77.049,51.431,50.874,48.68,29.643,65.153,32.031,8.235,9.596,97.163,77.332,53.321,62.693,21.078,62.951,21.318,68.541,83.567,20.558,82.875,87.864,74.138,43.524,81.675,7.212,68.604,2.375,71.687,3.789,7.325,17.799,25.191,7.044,82.162,91.099,40.763,45.113,40.445,31.64,38.95,11.831,0.59,72.029,6.324,74.595,4.552,84.825,35.77,50.284,28.984,68.588,60.657,28.152,92.669,38.141,82.212,3.082,15.632,21.987,74.675,79.677,84.947,29.498,63.405,29.806,88.698,96.537,86.714,64.794,95.739,1.115,87.477,14.137,4.177,57.272,39.408,54.753,8.513,21.005,74.143,72.594,21.174,90.563,85.146,14.246,18.399,61.688,25.274,11.462,67.098,56.729,5.439,75.104,99.008,54.885,64.467,7.314,67.169,25.069,19.742,58.06,95.154,35.714,67.13,23.453,28.514,6.981,19.35,48.586,32.835,65.942,69.346,15.239,1
80.77,95.866,16.864,31.321,78.566,71.22,64.084,27.668,35.949,67.958,33.156,47.995,44.536,77.477,48.697,10.883,64.555,8.197,28.062,82.644,89.13,19.643,73.354,62.662,72.743,89.211,84.959,63.163,81.264,57.89,76.92,21.276,3.666,26.062,89.399,53.968,65.391,14.863,39.25,89.144,58.96,85.716,13.388,50.112,9.055,36.387,1.059,23.888,96.4,98.185,68.416,75.721,14.037,15.922,56.636,56.581,87.22,14.62,73.2,93.918,4.042,76.147,23.175,26.436,23.402,66.859,51.789,79.146,38.809,91.79,88.155,3.99,64.852,10.323,96.844,63.357,27.35,74.191,57.863,57.016,37.666,37.852,58.768,89.823,7.784,25.159,97.267,22.29,40.584,81.724,34.503,79.266,88.717,0.66,88.203,43.99,22.999,51.454,28.081,15.024,15.736,60.202,81.696,66.111,41.461,33.022,11.334,67.523,47.902,59.079,64.726,41.09,24.367,12.789,59.235,13.472,51.264,89.08,14.687,16.634,92.245,51.664,40.546,96.924,63.762,87.851,72.797,82.13,94.725,21.659,60.653,47.141,48.167,21.936,41.077,14.271,58.265,76.749,62.321,51.08,16.772,68.559,92.235,59.653,6.884,37.821,13.221,1.656,52.271,90.934,68.437,82.651,60.551,17.742,90.161,59.981,87.775,53.143,75.238,9.319,65.939,90.198,53.929,0.12,93.773,67.856,43.15,42.068,87.482,69.764,42.896,93.842,48.212,76.867,35.052,80.462,90.786,83.719,57.612,42.549,25.452,76.586,91.009,8.382,59.829,54.373,25.78,0.547,74.365,0.711,52.254,51.976,37.503,20.542,80.429,40.885,10.658,42.607,58.537,26.13,53.61,56.467,61.188,99.18,39.745,20.369,55.21,55.756,17.872,55.909,48.376,98.851,57.765,77.419,39.813,13.807,86.383,11.909,22.977,78.311,94.925,10.028,50.834,78.608,80.085,61.403,68.456,5.205,38.91,63.588,80.437,82.326,47.167,60.025,8.814,26.309,37.084,60.903,72.449,93.068,40.064,65.618,28.647,96.353,5.746,77.361,17.527,49.437,1.071,85.057,93.076,51.815,19.475,78.396,51.055,69.845,61.519,67.402,35.974,65.502,97.565,8.684,27.594,39.943,66.966,40.545,20.031,1.537,70.362,91.918,54.959,72.614,55.911,58.293,34.748,81.551,22.63,96.306,45.476,40.396,0.465,17.503,50.624,55.863,50.317,33.997,11.701,51.329,25.769,53.79,79.339,25.014,44.277,37.708,48.363,24.327,33.966,77.56,68.159,89.652,86.202,48.197,25.782,38.267,78.866,22.038,70.118,80.016,41.243,35.31,53.565,70.082,26.335,28.729,39.893,74.879,34.199,55.455,17.849,1
35.354,89.432,26.908,94.712,68.311,90.993,49.9,19.967,73.543,87.274,20.678,20.277,24.97,61.86,15.6,10.669,92.019,67.581,66.342,61.383,76.424,54.147,4.226,48.229,62.067,49.234,98.536,89.7,86.877,49.081,98.439,91.601,28.027,22.209,57.667,5.415,79.927,47.832,54.077,50.248,39.372,68.634,17.48,97.651,69.824,46.007,68.921,1.182,21.075,58.101,32.544,61.278,25.97,54.856,23.714,47.135,61.308,36.592,49.877,21.053,70.071,37.231,85.433,27.963,17.989,13.114,57.589,22.857,9.987,26.995,23.581,43.222,38.088,14.584,95.915,14.955,80.567,17.661,49.96,99.556,84.939,51.701,72.056,78.533,30.003,56.214,56.783,39.84,69.054,6.004,81.382,47.654,62.986,44.985,33.466,36.096,56.035,93.184,25.771,1.984,12.124,86.737,96.312,19.896,57.589,64.913,17.454,78.031,35.511,67.319,48.749,73.653,88.963,38.107,28.652,63.171,14.485,16.758,80.772,33.739,63.127,57.164,84.89,7.134,16.2,22.822,31.688,29.136,26.747,64.464,27.125,44.49,86.281,36.316,58.692,96.553,41.399,18.389,2.31,72.777,66.202,94.044,70.07,8.006,16.691,10.301,6.379,87.869,54.843,2.636,39.701,76.5,8.325,26.245,15.527,65.483,88.547,30.937,24.74,28.418,62.648,13.128,83.852,2.857,66.355,86.037,32.52,47.615,97.498,54.058,27.241,44.484,96.954,69.762,17.704,59.758,63.105,63.585,56.398,52.346,63.953,30.966,34.717,53.967,80.471,44.186,36.578,25.981,30.357,0.009,81.538,84.795,34.388,46.92,0.832,92.209,94.696,47.707,0.913,43.044,29.292,23.122,0.722,37.364,41.174,56.055,39.475,16.327,73.712,38.972,37.836,26.298,42.224,23.956,76.454,90.995,80.757,68.464,28.468,74.293,80.881,41.29,85.348,18.241,28.96,63.689,61.773,27.213,62.275,18.779,1.94,4.963,53.497,18.594,10.227,26.92,71.52,72.711,23.281,15.068,49.358,34.191,31.158,79.946,99.796,46.368,79.142,33.025,84.355,95.164,5.604,77.565,7.138,47.015,19.219,84.154,81.725,82.825,12.196,76.815,24.896,77.123,44.296,73.762,3.351,46.083,77.1,52.114,98.212,47.283,68.144,31.211,32.306,62.916,4.219,93.742,52.093,25.331,63.852,19.872,88.752,86.366,21.779,11.293,63.291,32.451,16.736,27.61,11.965,78.914,0.893,4.199,78.348,47.527,59.621,37.14,8.948,15.77,9.14,61.864,93.085,99.697,62.513,5.978,64.457,70.133,79.147,12.583,23.267,98.168,78.856,75.67,80.553,43.872,19.297,68.925,35.817,13.473,89.866,1
70.663,55.902,54.273,49.009,56.67,54.362,32.368,46.839,86.766,59.868,86.056,16.034,53.114,44.938,81.942,54.161,45.408,77.592,50.596,73.366,88.293,61.973,36.408,62.02,32.069,6.334,96.716,81.905,18.987,68.322,76.573,15.413,28.313,40.98,32.202,9.626,65.889,4.378,93.78,17.864,3.127,10.706,19.162,3.182,64.175,38.86,48.991,62.397,59.03,4.909,22.072,71.785,1.309,92.104,65.575,92.84,83.208,46.806,63.892,36.093,74.348,89.043,82.203,79.425,5.83,61.693,52.902,73.43,83.446,7.794,21.59,51.949,10.123,23.102,38.533,19.312,65.688,57.003,94.75,55.842,55.814,74.611,76.628,57.656,67.449,70.255,42.707,10.41,79.246,54.997,50.469,65.753,53.39,59.992,93.352,90.248,55.008,99.685,84.485,41.234,63.324,82.615,32.345,24.072,54.563,37.506,55.024,74.458,36.001,45.24,95.982,0.02,3.466,28.448,1.63,13.509,89.032,0.657,98.439,21.482,31.49,77.152,94.335,82.234,91.911,51.127,57.067,57.161,9.429,46.037,15.611,26.499,88.963,24.986,25.624,30.03,57.049,56.906,21.744,7.72,32.469,48.253,48.828,89.902,70.285,81.952,9.536,64.225,3.737,80.834,38.155,78.012,92.187,33.439,87.979,43.43,93.025,12.054,77.039,74.768,84.948,92.865,63.389,63.219,5.413,52.438,31.932,56.491,32.683,69.777,15.32,67.364,99.737,97.104,75.284,57.525,9.008,43.194,78.637,14.801,33.617,47.585,74.532,54.815,26.256,39.853,43.449,69.787,76.203,48.092,19.811,39.532,57.133,56.117,99.708,52.425,24.232,26.626,43.007,68.474,57.602,11.253,41.358,36.527,19.049,34.452,65.541,76.968,16.926,34.972,82.158,80.28,62.318,44.046,92.421,23.349,68.536,15.599,72.849,8.581,73.958,24.305,62.1,14.768,83.244,28.769,34.327,80.428,30.512,47.119,33.188,74.001,21.188,54.642,75.036,54.88,62.304,99.23,69.507,66.826,37.661,90.604,52.68,25.546,6.011,20.07,69.653,27.128,46.496,94.518,6.66,66.037,66.298,91.287,36.022,10.789,29.25,88.34,38.652,97.979,50.854,70.969,90.387,48.466,59.711,8.802,19.888,96.679,56.069,71.247,3.975,92.227,30.493,48.993,74.439,1.837,68.431,35.538,30.233,99.599,97.859,27.588,6.201,25.768,38.717,99.995,99.036,94.414,94.912,22.558,34.179,39.285,13.726,72.989,52.072,67.799,87.27,68.652,41.733,57.29,42.646,31.238,60.537,44.917,13.177,65.247,58.103,68.405,20.231,13.811,68.853,89.864,90.956,43.006,90.9,77.005,65.623,56.484,15.805,0
55.734,94.86,11.839,31.76,87.964,72.708,76.544,88.013,41.404,41.125,44.3,93.377,89.413,93.325,27.38,77.911,10.677,18.475,76.245,61.198,26.686,56.704,23.091,23.218,68.738,35.926,68.814,47.66,50.232,60.471,71.202,37.396,85.213,49.145,13.751,19.326,3.223,76.454,1.501,26.986,41.304,74.237,98.824,75.778,6.614,92.71,98.563,86.713,48.994,32.49,45.754,24.678,40.487,4.183,73.533,38.037,31.29,61.15,74.247,59.381,52.523,87.578,78.692,52.065,45.161,82.701,4.242,99.584,51.87,39.561,73.517,55.77,51.613,63.065,4.93,29.118,39.804,30.455,82.762,46.135,42.246,61.313,5.455,51.697,14.224,82.989,45.17,72.265,11.317,77.873,93.784,69.611,13.531,41.356,45.089,17.888,59.032,71.263,20.193,45.468,25.008,69.172,90.716,79.649,71.837,12.354,11.416,44.94,36.294,52.382,38.409,79.107,51.167,94.975,37.868,38.061,76.826,91.225,56.549,65.953,15.009,86.882,17.887,71.205,41.958,30.952,76.863,44.626,62.645,11.755,13.157,20.285,62.256,25.311,45.864,85.541,54.35,0.575,88.27,23.788,58.886,47.571,41.015,7.94,60.01,24.471,54.734,61.977,55.755,82.525,4.892,14.826,65.328,3.672,85.383,66.7,83.801,29.844,92.038,4.903,41.696,17.825,67.209,61.109,69.151,59.497,78.731,17.742,45.534,57.897,93.148,9.313,29.929,36.857,37.894,6.767,42.732,55.047,29.283,13.455,69.462,27.442,52.705,52.465,69.583,61.205,10.93,72.973,62.898,98.719,48.366,68.865,93.389,98.628,28.719,60.884,31.649,52.539,99.502,35.385,12.971,56.263,51.971,63.186,49.25,17.991,60.941,70.859,97.926,0.158,2.399,62.546,11.793,84.807,79.956,99.899,41.404,33.379,56.042,63.75,1.13,20.119,28.163,79.02,30.777,50.669,32.392,0.613,68.584,34.136,72.44,61.599,2.912,17.563,33.051,33.794,67.247,91.616,79.725,64.565,48.15,62.72,89.206,53.697,33.511,78.399,41.395,74.258,83.511,29.934,72.496,31.55,53.589,20.826,68.549,79.954,88.803,35.36,96.961,28.046,3.117,98.362,62.651,84.241,57.098,38.957,59.519,86.459,75.154,70.527,31.45,3.163,41.387,49.705,23.764,45.191,95.073,21.614,30.232,11.223,78.494,77.779,91.335,44.377,2.493,48.266,50.005,19.021,92.364,73.244,52.363,77.553,14.33,87.18,82.214,93.802,67.672,13.272,72.457,45.937,71.368,52.234,0.411,93.234,68.705,59.429,8.708,46.688,4.614,52.058,65.898,31.248,57.756,31.214,89.214,32.088,19.255,27.665,31.915,1
67.112,27.265,15.75,11.446,95.83,55.963,10.238,54.253,54.937,27.105,94.328,80.4,57.408,17.127,31.138,89.224,54.058,5.073,2.899,90.329,5.046,38.36,8.612,39.192,70.468,89.128,62.947,69.012,44.584,35.562,33.233,19.815,75.84,80.93,7.855,92.278,76.443,56.779,9.292,80.235,69.86,9.726,31.039,64.442,76.649,47.055,94.745,14.372,89.57,25.805,36.345,18.335,91.726,33.033,86.079,32.476,48.751,6.537,11.289,47.865,84.577,28.226,34.862,57.468,50.795,40.569,71.427,10.698,55.615,7.092,30.212,46.097,59.054,23.858,24.369,15.902,48.237,6.606,20.824,69.406,43.115,98.021,56.721,34.22,69.413,17.309,66.961,73.937,71.191,83.675,11.432,59.608,32.538,9.765,44.522,30.804,40.579,59.826,68.551,59.641,81.987,32.741,64.499,6.148,21.761,13.892,58.077,75.499,80.984,75.708,66.088,45.297,29.15,61.557,44.716,20.566,87.743,29.974,79.435,67.956,91.85,93.668,71.779,91.512,99.029,58.273,61.149,51.042,84.764,85.251,6.241,90.108,96.79,0.084,56.003,97.87,10.97,28.221,3.118,43.172,59.016,62.521,71.177,40.603,43.519,21.122,17.341,13.907,55.542,84.333,36.029,41.724,28.847,87.274,12.555,1.16,64.839,14.4,88.489,65.793,97.498,13.578,13.722,80.594,86.015,89.358,69.539,93.031,62.325,45.439,42.412,82.007,38.471,22.574,42.477,0.743,49.816,73.091,71.213,26.925,92.656,57.635,3.346,3.787,48.327,36.858,58.027,96.174,8.006,73.019,52.641,85.935,75.058,27.942,51.695,52.336,61.007,24.523,63.066,66.374,66.872,68.407,53.92,57.963,61.304,90.359,53.503,1.078,45.403,90.606,57.397,33.151,35.291,97.776,29.462,16.751,69.505,59.764,30.407,78.502,26.044,62.93,57.814,57.286,65.632,29.175,73.738,2.73,48.476,12.682,7.686,78.376,25.205,61.58,27.522,25.696,74.143,60.382,91.013,73.897,65.916,36.977,17.54,78.253,23.62,18.081,52.739,3.309,98.407,96.735,59.554,82.172,83.761,75.276,41.295,38.317,66.067,72.6,16.728,57.776,84.183,5.433,26.44,81.953,5.252,46.401,47.623,47.627,94.825,92.246,23.366,68.351,39.007,26.263,53.044,43.473,28.879,79.731,38.2,31.569,53.025,95.587,9.736,53.129,35.383,84.424,61.049,65.207,27.259,27.033,80.232,25.534,58.418,46.111,67.529,24.18,67.189,77.05,51.995,67.772,99.321,31.327,1.058,0.848,6.795,41.125,52.526,68.55,35.152,72.525,25.19,3.404,61.94,5.688,59.414,89.397,21.682,59.938,12.179,0
8.639,60.469,37.596,76.386,64.791,80.32,18.477,11.085,18.426,29.457,66.048,7.571,45.344,99.525,76.936,69.222,66.758,77.012,25.734,78.073,27.729,6.239,38.859,99.596,25.824,81.28,17.793,6.94,97.942,20.067,39.263,64.548,10.843,54.063,43.125,61.397,10.625,44.158,25.9,3.486,7.041,72.755,77.724,1.876,49.77,65.287,0.087,3.784,39.048,15.161,32.983,39.133,0.37,70.761,77.099,47.814,40.391,72.777,81.228,7.01,22.585,38.442,68.926,77.983,12.12,53.53,99.16,33.344,30.283,5.519,99.702,64.707,36.536,85.334,34.006,84.118,76.045,28.996,20.312,55.448,96.751,66.073,29.887,39.01,10.677,68.884,48.65,88.521,43.798,18.946,3.57,2.536,99.638,23.849,38.877,79.274,64.341,49.968,96.495,81.178,96.657,1.642,33.929,33.772,72.101,40.551,21.168,65.385,52.312,94.009,87.02,53.656,74.105,23.299,7.203,73.546,48.889,1.906,90.718,61.837,24.268,64.879,1.437,63.266,90.466,82.074,9.729,61.123,83.535,6.396,81.747,11.418,59.498,61.563,6.311,20.264,33.734,83.59,73.793,40.201,12.08,68.409,54.588,32.159,96.469,21.323,4.559,17.345,6.322,27.389,75.755,16.805,36.993,16.501,24.364,58.199,13.337,79.105,63.219,37.613,15.775,87.963,8.072,0.722,92.614,70.674,59.373,28.373,69.35,79.224,47.601,12.689,14.309,27.095,45.042,23.925,17.455,69.167,59.627,71.72,61.205,8.802,82.648,30.12,41.879,55.771,19.19,98.66,97.679,61.892,86.273,98.678,50.754,46.422,62.646,20.811,5.307,11.268,14.922,84.378,91.148,49.751,15.976,92.267,5.403,36.419,20.959,25.138,61.682,89.008,45.315,10.442,5.246,53.736,15.805,2.907,51.49,7.086,23.53,44.482,57.976,41.907,74.709,89.837,23.006,11.013,22.778,23.712,41.26,19.996,89.137,7.353,58.509,5.434,43.587,21.617,60.943,17.806,37.349,45.774,19.415,35.859,26.969,33.589,3.209,56.867,28.06,11.111,46.553,41.822,76.034,21.985,29.516,15.679,79.457,95.276,90.558,57.812,55.276,22.97,41.17,52.177,86.22,21.644,47.349,46.276,1.45,42.811,87.26,24.783,43.425,22.241,92.748,94.625,91.375,89.825,41.777,4.422,99.127,73.348,50.422,42.57,39.432,80.972,69.665,9.8,49.529,8.309,75.308,69.316,40.662,21.801,35.841,23.906,99.895,1.593,66.904,16.18,45.928,57.038,58.366,97.642,46.376,13.862,70.313,18.495,87.155,62.681,70.39,0.136,62.731,38.488,69.075,53.092,29.659,75.289,69.805,61.25,57.523,0
78.769,8.096,88.085,73.576,5.481,94.532,67.465,88.798,11.097,36.559,61.913,36.557,17.527,55.879,6.701,70.934,20.471,98.125,23.863,11.356,47.849,93.915,58.012,95.91,20.979,74.502,22.544,35.271,26.736,68.023,27.715,6.337,34.523,48.623,52.668,12.271,70.983,67.831,53.286,29.226,62.095,79.99,94.537,80.88,94.088,6.563,89.19,45.787,8.017,89.795,28.837,95.663,10.936,27.594,69.708,49.633,87.499,52.069,62.728,29.317,96.957,54.143,13.203,34.67,44.386,64.468,29.152,6.295,87.179,23.233,94.745,64.467,41.169,34.279,64.605,32.631,59.336,69.686,84.191,44.526,30.408,13.195,78.935,17.174,26.001,48.424,97.072,76.975,4.732,35.312,45.593,16.636,92.413,71.181,28.525,97.321,83.933,69.286,66.636,15.348,23.791,4.115,31.663,12.647,26.041,18.45,56.249,3.469,31.694,34.385,37.291,53.987,16.26,30.156,92.043,40.456,49.942,14.538,45.804,32.022,0.429,73.849,97.56,33.128,70.545,47.391,28.983,94.401,98.069,57.373,14.708,56.523,90.688,44.211,68.915,73.164,90.017,13.942,55.096,30.808,40.163,84.088,44.597,9.248,5.503,64.131,58.343,22.214,93.567,27.793,2.255,53.841,44.546,67.156,8.738,51.179,19.445,31.776,60.508,94.34,90.845,36.106,14.795,85.38,36.963,37.283,28.465,35.136,97.752,87.43,8.76,72.785,44.422,99.26,80.369,28.863,80.567,97.036,42.383,89.643,13.957,58.718,8.608,20.778,47.461,86.753,98.664,6.612,96.01,75.611,8.845,40.946,91.441,41.451,55.581,71.025,75.524,13.693,18.601,38.177,55.387,4.223,82.625,83.459,30.391,55.928,46.345,2.684,0.245,26.268,95.603,83.424,47.254,65.381,89.269,41.716,49.189,68.784,24.475,11.935,27.722,99.433,6.672,74.557,58.107,56.557,86.835,62.8,47.604,69.425,11.958,51.253,57.526,84.528,16.285,5.851,31.968,87.832,13.55,16.331,27.267,41.951,91.21,35.598,28.986,52.961,93.632,51.387,76.644,18.325,9.451,75.263,54.371,87.244,82.682,68.497,30.107,68.544,68.835,9.583,58.005,82.331,1.29,51.817,37.301,48.49,34.031,91.079,10.242,15.455,22.111,18.842,89.706,61.343,83.142,52.565,53.21,55.111,75.631,11.397,46.049,7.64,81.884,92.341,47.952,31.157,36.257,81.704,88.973,59.765,76.359,34.205,70.989,2.876,81.457,22.236,85.682,14.236,22.657,12.534,13.022,7.86,69.082,78.403,7.774,77.469,75.733,4.252,10.782,79.306,51.348,5.927,11.892,25.301,6.625,66.759,75.455,78.237,92.01,0
58.76,20.002,67.06,2.926,14.556,74.62,27.738,57.975,35.22,85.514,78.08,61.296,50.491,6.834,81.959,76.324,52.884,71.581,96.426,17.177,75.402,0.433,72.535,92.423,92.048,85.13,47.472,69.813,18.513,67.353,10.732,83.474,98.13,42.409,51.425,40.758,76.141,31.428,46.59,51.973,49.582,36.125,28.827,72.214,8.225,49.371,38.478,45.695,73.617,68.705,84.109,22.587,40.728,98.496,42.796,85.677,89.475,80.244,93.908,36.744,1.279,67.416,67.21,39.637,52.266,67.652,11.922,39.481,69.504,97.757,74.143,89.243,16.872,36.371,19.909,20.026,84.403,40.429,23.287,42.47,49.911,76.482,76.597,59.365,75.63,80.098,94.323,35.61,66.668,95.014,98.752,51.141,14.737,45.463,12.219,48.934,23.082,94.24,2.972,73.78,83.031,49.813,2.675,17.91,60.458,32.696,30.275,62.323,76.017,66.108,51.995,49.219,46.602,29.356,49.79,50.479,54.244,80.948,54.053,1.767,76.396,99.071,88.013,11.913,45.012,85.287,44.256,3.598,17.687,65.941,77.938,88.47,16.414,43.068,31.246,38.908,76.401,56.886,49.055,55.378,53.939,46.982,56.226,15.631,5.574,26.339,59.105,37.78,67.649,76.647,28.444,6.142,59.046,12.82,36.641,80.955,58.397,76.519,62.515,38.057,42.815,99.195,41.193,5.645,24.423,23.462,31.21,8.494,68.799,86.894,11.447,16.978,53.842,3.738,65.777,42.247,51.476,42.117,2.04,46.97,2.224,31.651,57.035,32.242,9.773,48.836,69.086,20.591,49.673,81.146,66.739,16.663,29.952,96.943,20.176,63.544,97.411,7.532,85.033,21.408,26.516,29.732,57.352,80.46,62.457,95.794,71.771,57.819,59.186,27.336,56.643,53.106,42.711,34.732,7.666,82.374,50.464,29.991,66.346,31.335,41.431,25.126,51.537,67.156,54.756,88.09,62.784,51.622,18.654,49.92,66.081,82.391,93.81,26.794,63.793,80.893,85.277,90.684,93.464,72.662,5.988,20.065,46.249,24.037,74.643,76.553,84.412,41.026,86.019,91.114,63.393,84.597,26.693,28.704,16.058,68.685,23.613,23.848,14.996,2.77,79.704,31.054,48.538,99.129,42.202,90.566,20.199,27.271,2.914,78.967,27.777,55.071,64.429,4.223,72.247,78.223,5.533,89.651,31.39,29.798,6.358,95.509,89.677,67.167,88.572,39.69,83.981,84.275,23.604,57.097,50.025,12.064,66.422,58.042,77.512,52.526,49.645,9.025,59.982,77.319,31.341,83.233,73.724,80.584,74.396,93.55,21.801,10.681,21.411,27.455,40.838,86.29,5.593,53.347,69.962,11.296,54.575,47.485,24.635,1
87.943,93.697,36.3,71.567,82.137,2.107,96.681,60.581,84.147,66.222,94.085,69.068,78.88,23.968,55.273,30.927,95.848,36.286,81.225,12.205,86.695,85.765,38.847,90.979,39.298,97.799,25.553,9.025,82.271,23.546,21.039,89.025,91.589,63.135,87.947,76.674,40.629,3.388,86.644,82.32,94.05,47.109,41.296,84.116,71.739,87.676,82.024,82.44,69.848,50.633,35.186,60.212,81.343,73.779,45.326,2.735,5.21,64.159,63.016,79.102,13.609,40.066,62.83,31.372,8.223,15.782,51.637,96.966,83.062,76.316,84.696,68.575,79.264,31.94,47.837,73.517,26.068,68.747,82.677,79.953,19.866,41.45,18.189,87.639,94.476,88.434,22.449,94.811,92.311,64.711,62.663,90.684,97.413,19.827,70.126,16.876,40.103,42.89,26.016,8.906,36.792,94.724,11.735,71.858,43.516,91.999,45.371,67.361,11.851,71.356,19.054,86.194,78.212,28.796,49.417,13.02,85.634,60.008,99.521,28.297,67.719,41.833,40.852,14.594,29.019,26.18,61.768,90.733,36.964,68.427,45.816,1.032,13.32,32.325,69.302,68.685,71.334,70.845,73.61,25.623,9.528,5.875,33.286,23.484,90.823,99.674,93.932,96.721,59.823,74.824,4.551,25.366,61.966,30.251,39.47,37.09,96.806,55.956,58.049,26.029,50.375,93.033,87.79,13.192,31.732,53.042,14.18,11.684,4.416,12.787,87.168,83.48,74.782,92.624,28.293,87.694,61.293,76.156,26.376,31.301,89.267,31.554,99.457,76.368,15.126,85.303,65.742,79.822,5.322,14.862,22.986,3.586,26.022,70.596,43.643,99.52,92.721,4.079,35.652,70.903,48.52,49.299,84.584,86.688,12.365,9.358,86.817,18.065,16.83,50.874,27.279,89.089,58.568,58.355,97.163,52.602,57.079,41.642,7.684,76.825,67.691,88.737,2.596,68.131,68.064,39.417,59.034,95.122,83.698,15.378,8.106,83.07,65.954,45.406,95.52,59.42,0.581,96.977,65.617,95.09,32.492,73.155,73.432,95.74,56.916,21.137,4.868,64.364,32.317,5.554,7.072,95.19,38.139,39.886,17.801,96.505,86.552,8.919,85.235,16.294,77.949,28.494,75.256,65.406,12.06,49.085,43.236,80.635,31.01,68.496,13.129,66.552,83.205,51.265,48.962,88.541,47.644,56.306,42.307,75.649,81.099,61.387,43.411,42.602,4.044,34.174,46.352,22.423,68.624,15.507,49.532,62.956,52.468,29.07,43.736,90.721,47.761,14.861,12.779,90.29,84.154,52.309,29.548,4.773,7.653,4.509,10.763,42.491,9.448,66.086,56.848,25.338,25.486,8.177,50.344,11.394,66.158,17.955,18.221,1
4.526,41.625,70.438,31.395,72.409,75.735,44.995,80.783,34.133,91.811,81.001,21.107,7.822,98.219,25.932,67.341,43.38,1.792,39.493,1.33,65.58,46.016,40.509,65.772,74.425,72.591,30.28,81.313,61.674,69.066,96.314,67.51,80.464,8.764,13.511,19.08,81.597,69.603,18.822,2.682,48.112,14.515,24.178,84.209,85.819,53.858,8.609,76.972,14.817,42.188,11.646,90.242,73.878,44.527,48.505,1.963,44.952,24.263,29.483,82.945,39.173,33.385,10.266,84.763,43.179,41.569,49.57,57.866,73.108,99.903,3.702,39.968,51.336,72.461,93.528,90.507,86.763,23.191,6.07,1.902,57.64,55.326,26.785,64.83,88.914,11.694,62.27,64.618,44.833,43.623,16.133,72.621,46.924,43.811,50.764,58.766,68.497,92.174,85.345,71.52,46.847,88.317,72.3,39.037,41.686,94.12,65.25,36.026,47.232,97.094,16.203,20.721,69.07,8.619,48.289,17.329,15.631,49.219,79.348,94.305,49.373,23.472,55.683,99.926,35.879,26.081,67.693,17.471,85.946,50.348,80.682,33.773,11.397,22.669,56.198,48.637,99.366,78.489,76.937,77.009,55.702,89.632,85.341,87.37,60.429,10.414,5.042,94.627,79.899,96.265,75.576,97.466,78.165,60.966,85.839,10.187,56.247,50.731,16.705,11.806,20.539,36.164,72.835,70.816,76.196,49.839,87.049,15.43,36.374,81.916,12.298,20.189,96.964,76.922,0.659,83.481,47.366,28.676,17.126,26.602,71.52,41.501,62.944,24.545,75.321,52.965,78.722,13.799,42.882,91.802,89.807,95.184,51.616,68.22,94.374,44.258,77.015,71.763,51.735,6.958,33.83,40.165,77.237,43.407,39.327,3.709,92.252,15.095,57.456,97.773,98.005,79.907,87.581,97.266,41.931,88.578,70.079,87.355,72.155,31.37,34.416,82.7,90.021,61.04,14.686,40.394,64.388,88.758,62.436,61.819,44.214,34.525,81.183,64.876,77.54,88.097,8.428,53.743,38.999,71.888,87.988,52.047,54.079,21.373,51.167,31.225,34.071,63.569,2.342,89.032,53.993,25.869,83.223,30.394,42.275,50.527,73.199,84.158,25.976,50.75,12.381,75.656,94.134,44.874,57.244,0.521,33.898,23.61,74.576,58.159,71.465,93.754,66.552,84.45,23.384,29.92,66.692,81.508,57.277,13.997,37.767,73.751,10.523,51.645,19.256,77.855,45.431,14.655,42.569,41.205,9.225,42.489,13.006,21.478,7.807,67.682,40.275,55.897,77.882,87.201,58.43,63.646,99.651,68.902,94.782,73.172,41.692,16.284,50.579,48.476,45.771,96.803,51.319,52.914,69.447,45.543,3.261,15.684,55.903,0
60.16,40.862,12.087,57.176,4.028,15.33,37.147,99.102,30.326,48.593,79.12,14.214,58.962,4.865,89.425,88.906,21.558,81.913,48.879,12.233,34.865,87.043,41.758,57.306,56.576,90.029,78.135,47.523,72.003,60.571,76.195,50.476,46.094,44.993,44.907,86.635,32.522,79.981,66.45,40.963,23.282,39.54,54.099,95.808,89.004,73.591,64.592,86.595,70.721,57.199,79.616,70.74,56.104,12.378,55.935,19.243,61.87,57.686,5.287,57.024,18.94,47.584,89.686,12.028,93.618,17.974,1.897,78.676,24.529,70.562,88.766,44.423,80.692,60.685,40.18,4.498,86.197,2.326,43.702,41.494,85.965,31.738,25.718,11.464,9.933,16.816,14.403,25.555,8.963,30.679,40.728,16.919,61.448,32.529,2.717,5.85,38.994,32.004,41.282,32.422,37.551,82.774,12.097,20.256,75.213,58.603,49.298,75.239,38.505,11.508,6.063,46.482,40.708,48.417,40.749,23.374,88.616,26.916,96.347,67.51,24.632,55.471,78.521,30.461,40.675,8.391,63.58,20.346,96.791,37.331,98.531,78.202,53.754,42.375,91.149,45.174,0.1,46.465,82.937,28.925,97.208,0.054,93.351,48.219,59.787,83.949,38.015,35.142,63.221,58.516,51.033,4.548,73.918,56.308,30.064,39.53,12.298,13.965,55.648,27.946,43.196,61.045,95.742,31.83,68.21,34.264,26.136,75.269,45.272,24.593,98.302,34.163,45.98,59.951,1.587,69.185,64.644,0.205,47.653,90.144,67.271,41.316,89.527,70.33,76.247,53.813,78.731,64.91,7.752,3.095,83.208,67.161,67.225,35.299,81.278,82.747,35.797,17.719,76.797,69.703,0.843,46.269,93.625,44.458,22.152,1.978,28.113,92.14,35.782,8.997,61.344,30.318,71.781,23.426,49.381,36.3,28.076,90.451,70.697,20.909,19.609,82.112,39.609,86.992,56.91,49.401,55.179,65.984,56.571,68.238,56.514,6.536,12.825,6.505,25.962,56.99,22.797,52.308,78.225,19.185,67.798,99.195,69.299,53.294,25.292,56.012,45.393,93.789,64.097,94.307,5.186,93.876,43.255,99.511,27.404,68.017,46.659,36.147,75.902,88.38,22.455,27.793,42.006,44.886,0.516,19.461,8.181,57.182,2.537,73.744,97.81,42.382,7.444,24.998,16.448,31.081,62.599,9.673,47.997,80.806,59.253,62.63,33.43,25.041,10.784,23.836,34.08,5.443,33.359,79.411,94.355,77.575,61.957,76.41,62.535,57.893,8.553,6.069,3.334,31.328,84.769,6.503,12.754,91.912,44.192,30.147,62.619,6.579,67.756,55.926,29.492,38.146,9.583,75.196,23.311,59.958,65.972,1.061,38.392,1
87.994,61.923,33.962,93.758,78.293,45.408,32.819,19.248,10.269,59.518,6.754,78.942,19.361,57.321,63.736,25.629,42.101,72.462,44.462,24.315,79.703,6.049,31.167,43.585,95.974,75.437,31.119,88.522,77.55,14.741,30.867,34.29,36.883,0.808,58.644,67.83,5.732,50.711,83.517,85.87,42.206,19.541,20.037,90.85,78.526,34.155,66.786,69.478,98.192,59.976,33.115,57.841,96.306,61.61,41.87,16.228,45.43,78.919,4.219,21.941,0.37,22.303,23.027,62.392,23.902,73.459,95.259,33.152,74.008,20.532,18.424,98.988,36.282,7.373,3.002,11.519,29.058,19.44,58.569,76.553,4.39,2.969,19.782,17.415,88.538,71.884,33.982,55.45,17.854,2.149,84.288,91.065,2.099,67.745,37.892,78.741,11.097,93.611,30.507,24.015,80.949,66.091,94.116,97.71,99.769,88.166,87.839,6.538,14.443,92.416,79.49,19.168,37.82,37.426,59.955,97.698,24.455,4.62,61.603,18.91,53.547,78.959,32.768,5.326,79.561,87.285,85.15,96.838,88.583,20.924,8.141,47.067,66.35,6.487,50.861,75.131,64.507,50.916,49.859,46.427,32.182,37.388,69.451,71.565,49.479,26.834,40.095,92.119,58.398,3.66,21.953,20.3,86.317,39.59,30.6,88.871,57.137,93.55,37.411,55.055,13.433,8.403,44.451,35.157,58.396,46.525,62.113,42.61,46.755,40.895,80.45,31.702,38.237,17.957,23.379,64.535,35.909,8.242,84.26,51.279,64.365,78.587,92.661,9.841,7.135,3.828,20.031,19.665,32.924,30.272,81.556,68.354,27.446,70.564,99.8,99.841,75.238,73.982,91.238,0.853,29.947,82.231,78.313,40.381,40.576,57.995,65.531,47.2,51.265,76.116,14.928,39.751,22.693,74.914,47.444,51.583,78.597,75.762,72.251,46.14,79.191,31.307,18.785,77.013,69.794,20.958,44.997,55.845,37.47,57.751,12.835,94.335,0.968,81.04,83.43,33.982,41.915,68.576,40.337,77.864,53.76,32.608,2.324,78.536,92.214,15.369,95.264,33.025,62.984,60.3,60.784,86.694,98.017,20.42,39.064,53.449,18.834,10.864,56.952,45.154,89.474,9.324,10.431,55.291,3.206,68.902,48.861,18.669,6.949,96.299,28.382,23.304,65.957,6.998,5.745,51.853,17.183,85.971,41.086,15.704,11.074,53.645,47.825,6.876,95.51,86.57,12.993,20.568,43.22,70.967,47.478,60.371,93.915,58.749,50.248,68.484,27.544,0.744,14.269,6.397,39.924,80.757,52.586,91.03,87.924,46.02,57.613,73.729,28.791,88.099,45.631,70.032,71.165,29.745,61.303,80.998,17.513,24.913,89.996,1
45.783,91.083,18.344,56.862,39.355,94.569,23.97,87.054,27.378,62.808,29.189,91.63,69.804,72.241,21.725,49.349,99.239,55.282,99.532,7.653,10.522,76.654,32.601,45.094,25.277,50.606,46.217,7.32,69.449,74.974,38.116,74.596,85.577,39.667,1.074,11.468,91.714,32.711,74.868,48.476,6.824,54.843,24.229,95.002,14.026,82.043,84.156,17.059,1.807,10.052,29.414,53.465,39.085,7.759,76.359,67.738,15.35,35.809,21.667,3.444,67.504,21.617,69.674,83.65,81.151,64.101,71.641,89.701,39.062,30.832,5.242,0.467,77.241,76.711,92.882,37.464,23.854,9.139,42.168,98.929,33.712,19.215,66.895,22.057,88.229,79.692,83.045,16.788,16.705,41.568,10.768,32.714,56.205,18.955,20.712,54.17,93.892,12.08,21.378,35.658,17.362,40.214,31.624,38.919,45.878,6.602,81.508,64.994,36.898,6.733,21.856,30.153,59.887,98.31,10.181,53.618,99.053,85.047,17.146,95.903,59.987,98.142,69.632,67.79,97.237,69.372,33.205,63.535,88.397,31.797,85.155,48.213,33.511,60.853,58.504,38.237,64.059,23.243,58.747,98.838,23.261,61.635,89.678,30.885,73.791,75.725,61.977,5.992,37.452,29.661,15.167,20.439,3.791,92.341,59.808,94.588,73.926,32.869,27.813,64.36,76.049,52.087,97.757,64.805,28.846,2.369,84.693,33.127,24.225,53.931,90.663,66.501,24.834,68.735,71.95,60.806,38.149,32.164,44.236,0.604,86.987,6.998,19.247,63.437,14.153,20.422,9.176,59.263,83.122,93.181,23.631,7.816,72.499,31.146,72.167,24.492,17.644,24.897,28.535,44.827,63.56,27.186,78.129,8.002,97.256,39.824,16.777,44.138,50.529,73.493,76.032,81.96,79.356,1.981,38.142,85.404,75.886,92.153,59.518,15.28,72.665,25.729,46.365,45.36,37.515,60.603,7.194,13.666,46.926,15.472,18.963,1.283,50.07,72.535,49.145,92.569,94.028,97.049,37.314,48.955,64.105,58.831,40.879,3.883,92.16,38.483,56.561,19.423,43.63,25.526,91.309,72.225,50.961,48.862,68.849,69.646,65.091,92.652,73.566,24.235,3.451,81.313,63.095,67.643,69.747,64.533,26.133,45.547,68.107,25.429,60.215,95.178,84.152,1.234,77.097,64.44,91.688,39.767,58.616,90.1,51.854,18.882,42.294,82.975,25.287,30.222,96.768,65.849,38.279,30.798,41.161,87.64,72.765,8.887,63.618,77.669,34.439,14.271,74.873,93.002,39.797,30.81,98.703,81.639,0.158,6.984,69.632,52.496,65.452,73.304,17.063,37.465,70.405,19.802,18.198,94.848,45.066,81.437,18.564,0
74.992,80.918,19.188,98.295,87.162,44.073,91.297,10.92,63.643,7.981,8.571,12.468,6.426,2.967,23.478,48.519,76.053,0.951,26.608,95.521,66.532,78.921,4.186,21.107,79.179,37.567,52.007,96.206,26.584,48.593,75.691,60.437,33.655,68.186,34.308,31.522,23.96,36.121,39.847,61.081,97.531,87.308,80.627,0.308,87.054,40.181,83.542,92.504,2.568,12.289,53.063,95.106,75.144,24.854,45.192,68.618,86.985,51.491,66.023,0.313,63.807,94.194,32.218,63.378,87.343,96.96,73.581,67.793,23.356,48.454,73.92,79.396,34.833,93.908,94.148,47.612,65.834,69.95,10.046,38.486,60.717,71.194,86.986,87.623,78.486,71.667,3.175,49.793,8.709,83.235,99.63,98.722,46.68,89.641,95.505,48.217,54.067,24.336,17.043,94.421,69.991,10.547,99.336,2.922,92.9,32.65,38.349,28.036,71.917,66.593,95.15,67.06,66.548,92.274,63.355,49.196,79.554,33.28,22.381,57.597,92.385,6.467,34.323,91.017,74.297,72.503,65.392,78.508,96.625,43.696,23.337,25.909,29.098,11.138,34.024,59.22,18.816,94.201,57.284,12.742,31.337,38.02,73.692,31.08,59.006,18.986,38.815,42.37,77.128,79.752,93.393,12.631,66.374,59.078,10.659,0.919,85.236,31.593,81.615,29.682,21.89,67.998,14.743,28.339,74.706,84.913,82.775,3.434,32.014,50.238,68.86,27.345,84.767,57.397,63.108,21.571,29.15,96.65,5.881,81.021,15.27,71.677,84.807,93.443,22.507,73.573,92.316,77.604,85.678,72.74,29.91,81.501,91.238,15.919,2.157,39.229,42.244,47.342,34.831,39.136,7.182,72.675,28.236,92.306,70.111,54.801,9.732,32.342,79.128,86.586,5.412,93.458,30.407,65.463,57.716,44.188,48.244,89.722,20.977,80.436,19.566,65.124,36.223,85.614,10.195,78.55,85.843,37.656,98.27,67.945,16.822,5.633,35.558,47.388,94.506,11.735,51.544,33.849,43.382,14.857,72.255,24.5,11.88,39.664,30.269,59.616,17.249,74.52,77.585,99.116,67.074,8.961,46.367,81.82,38.21,63.233,44.512,1.16,11.663,12.205,64.141,90.848,22.494,58.685,98.735,47.95,69.373,9.455,59.288,38.396,99.995,70.274,29.836,12.524,32.523,71.377,86.221,53.751,40.533,70.074,39.38,81.746,78.347,53.009,6.393,83.714,53.898,81.883,65.17,75.351,20.746,65.858,11.733,86.2,69.522,0.532,44.723,31.43,3.914,57.508,65.264,8.782,25.676,75.307,8.461,12.472,29.858,96.628,17.16,97.71,65.816,24.834,4.617,94.579,90.462,29.34,53.41,13.986,49.044,1
52.267,98.602,35.212,53.821,20.984,9.901,81.976,23.71,18.807,29.971,83.263,95.742,60.214,21.604,35.907,12.849,62.231,7.436,25.497,38.178,90.366,40.006,8.325,25.418,42.534,69.452,53.59,7.056,73.267,99.536,69.68,19.263,37.214,65.732,82.051,60.494,41.969,15.349,99.245,43.363,2.591,60.361,7.752,12.462,10.999,54.837,6.596,64.018,36.282,33.352,27.325,86.886,22.577,0.986,37.716,96.877,37.863,10.5,92.564,17.573,72.833,30.655,82.134,48.962,52.896,70.046,86.54,55.154,60.747,89.657,17.075,94.651,38.956,34.517,74.13,96.8,53.168,59.462,84.963,47.686,12.757,0.95,51.357,15.549,12.637,37.88,73.542,5.286,72.542,97.45,70.75,24.911,60.87,70.679,18.31,98.625,79.847,50.223,27.582,42.777,94.168,88.139,81.402,30.519,85.792,94.745,40.651,31.274,9.014,7.947,72.995,94.487,16.511,5.741,74.341,55.416,49.285,87.435,96.217,42.398,50.868,73.08,47.966,51.501,99.795,88.808,69.788,40.547,61.629,91.089,74.592,71.416,70.259,74.967,24.423,73.898,95.087,82.336,88.033,52.811,60.919,60.737,96.465,67.452,88.193,52.352,22.507,7.512,83.941,51.368,95.248,42.272,37.909,37.328,11.323,91.405,24.977,53.912,76.641,11.787,29.918,29.355,21.307,73.803,56.884,21.746,30.482,93.311,64.297,82.573,3.543,46.306,61.775,48.827,35.574,61.553,32.855,35.389,0.515,89.02,18.616,35.453,10.134,49.205,8.474,51.432,15.371,12.384,48.741,15.563,65.663,22.61,39.536,29.928,42.834,18.218,81.154,10.869,43.857,83.936,16.183,35.374,43.396,35.924,87.051,19.846,18.957,4.026,39.455,74.392,90.1,16.031,19.899,47.929,66.524,26.58,42.11,55.012,79.982,71.432,32.489,76.439,88.177,50.186,92.356,84.306,38.885,10.973,10.788,2.115,15.554,50.0,76.738,23.65,67.831,34.214,97.644,73.743,43.433,28.947,48.593,76.09,24.775,15.25,51.124,24.947,76.673,86.417,99.426,24.735,82.061,19.841,70.646,80.995,70.114,50.233,18.119,99.255,59.12,63.448,22.938,13.23,3.837,99.04,92.91,42.63,61.647,9.094,5.096,40.73,30.645,63.331,23.143,33.618,47.92,50.986,64.387,30.429,26.925,28.056,35.102,41.807,31.984,4.756,4.089,5.213,74.475,21.198,47.206,90.848,10.076,18.484,94.833,36.358,30.436,9.689,1.366,55.177,86.197,33.121,74.129,36.138,77.881,52.886,37.159,65.025,21.003,38.405,88.719,13.049,74.259,12.035,58.656,91.218,65.436,19.043,70.466,92.55,7.488,1
30.148,47.42,76.099,53.356,15.367,12.783,41.821,71.16,89.159,75.936,84.609,56.035,34.734,36.601,62.986,11.743,43.613,48.282,52.376,95.244,79.089,16.694,27.415,96.749,28.966,95.58,6.079,97.247,19.019,81.453,49.503,53.247,51.349,7.499,43.774,50.928,56.25,39.025,60.722,20.692,0.36,57.19,59.211,0.886,92.863,51.28,50.382,72.058,25.883,85.248,29.636,26.851,11.91,22.393,53.357,29.184,63.962,94.205,27.776,13.297,87.338,5.152,98.002,98.954,20.997,11.618,64.865,63.268,97.222,32.456,94.643,88.399,26.404,13.361,89.834,29.49,98.526,62.596,1.041,35.548,73.048,27.969,25.599,1.564,65.732,86.798,93.902,58.326,72.26,68.812,94.566,25.735,62.623,60.434,20.616,44.218,32.426,20.392,62.98,85.822,39.546,44.606,72.981,43.39,14.833,47.901,49.596,45.939,81.56,17.611,56.966,94.336,18.041,28.204,31.016,88.525,81.75,68.737,18.785,14.352,42.64,45.502,64.512,40.25,72.431,13.729,75.044,1.179,9.973,38.399,11.004,1.355,83.052,93.468,13.218,77.012,26.766,93.86,59.964,79.24,0.94,79.166,54.237,81.826,85.272,8.497,13.923,75.967,89.239,81.546,30.738,47.891,24.381,54.353,26.746,54.361,2.121,4.453,54.464,10.257,88.646,41.528,0.121,22.431,22.668,38.538,35.331,28.685,92.169,68.442,68.677,71.485,90.161,49.182,99.077,22.452,95.647,28.181,7.629,33.372,36.049,92.47,8.48,4.335,15.11,42.863,33.484,18.137,42.524,89.312,68.716,62.476,28.701,87.54,27.109,49.925,36.911,26.54,90.698,79.868,78.886,86.171,97.805,77.778,14.659,14.778,44.67,79.685,97.634,81.465,11.316,42.745,72.671,14.467,32.305,12.754,76.754,35.261,49.421,48.129,97.285,60.174,63.66,13.822,94.403,92.16,38.319,54.934,53.875,49.26,53.621,23.011,8.362,71.492,52.695,77.659,81.129,21.933,8.725,36.171,20.328,85.06,36.24,47.393,13.359,11.016,91.136,36.086,84.933,77.865,13.935,46.039,83.525,55.15,93.134,42.108,21.074,22.459,74.7,11.724,69.578,14.308,73.308,69.612,42.471,5.408,10.601,58.161,47.683,59.393,15.817,14.689,14.128,24.505,1.248,83.107,41.649,76.542,46.976,14.011,52.745,94.877,47.018,72.256,44.397,64.485,1.321,11.127,6.0,64.245,60.417,17.358,16.035,39.639,42.362,94.824,45.43,71.141,25.805,57.207,30.603,22.731,93.145,27.183,9.194,37.756,95.107,74.313,40.04,5.6,39.229,82.25,97.599,60.508,7.721,69.243,47.742,65.27,40.51,1
16.482,80.334,64.665,19.473,10.84,7.781,60.319,84.661,2.805,28.221,54.157,6.532,59.711,75.652,30.912,55.169,63.839,3.237,26.917,97.666,56.48,56.374,79.023,4.568,31.458,94.351,0.848,35.665,28.24,39.814,19.488,75.184,72.569,97.385,70.266,9.738,40.729,74.145,10.1,80.749,15.019,58.718,38.211,58.636,85.203,29.012,15.154,46.311,88.52,9.329,71.846,88.44,80.748,65.422,76.883,16.105,96.367,51.63,72.872,65.139,93.023,34.142,78.535,33.902,36.032,85.595,43.09,89.068,77.418,38.763,20.882,61.039,7.5,15.24,62.779,49.752,80.473,14.262,87.046,54.714,96.895,78.145,8.717,9.411,31.372,93.406,16.147,28.012,36.333,8.923,17.919,77.194,25.794,47.326,25.603,87.666,65.029,14.045,12.397,56.873,3.959,85.9,40.094,85.7,91.714,12.898,36.673,84.484,95.204,37.368,68.22,50.594,26.283,87.554,68.256,62.061,64.387,74.104,24.482,82.124,0.794,85.306,29.066,15.821,39.928,7.298,38.822,46.228,9.35,46.588,64.248,90.013,46.485,8.582,73.178,91.746,92.249,76.822,19.947,32.872,31.728,99.644,48.63,70.229,47.622,27.838,3.828,15.574,46.997,64.022,32.019,3.132,60.108,38.028,93.646,36.149,43.011,47.341,5.408,86.802,95.265,68.367,26.985,63.569,8.359,6.926,40.507,29.834,71.221,87.129,52.478,66.964,25.945,83.055,9.244,90.164,34.202,75.318,16.453,34.928,41.91,47.55,68.883,16.069,69.669,35.469,69.29,38.914,0.993,78.307,59.713,7.781,66.796,61.651,32.373,98.637,93.897,74.284,73.672,31.652,15.051,45.866,14.749,86.43,11.361,96.998,40.639,52.069,0.368,45.056,83.251,12.572,44.933,96.946,9.745,21.862,97.903,42.018,54.609,16.61,37.756,34.809,95.238,97.174,57.684,1.437,81.378,1.619,89.665,50.209,86.776,69.932,64.891,45.6,41.039,35.221,54.247,52.317,76.508,11.338,17.581,42.838,17.69,59.489,54.276,38.156,84.509,68.855,43.749,28.325,62.038,92.514,85.7,99.536,80.594,10.381,64.962,61.626,41.128,49.64,75.173,92.723,9.97,44.41,58.123,3.264,28.99,42.064,22.288,45.463,38.108,19.556,46.957,12.444,96.762,91.403,41.293,82.042,70.383,74.115,0.761,37.464,22.394,28.36,87.961,26.45,83.848,79.514,41.472,24.155,90.019,41.456,1.553,15.338,37.441,81.671,82.003,59.995,33.509,95.916,99.283,24.183,97.349,19.266,64.443,82.855,80.133,57.785,12.887,63.627,97.736,17.372,90.417,51.728,43.74,9.958,80.117,50.426,63.144,1
84.303,62.732,26.023,55.291,94.87,20.376,9.327,43.742,62.889,59.329,2.782,70.758,92.059,7.877,38.24,74.234,13.055,45.371,63.15,35.812,23.972,89.791,29.692,53.542,24.525,78.003,78.605,77.039,65.926,27.496,93.498,62.744,63.839,57.935,10.342,45.913,59.589,10.708,28.246,89.46,9.278,49.425,36.14,83.832,39.08,49.104,2.196,7.358,95.922,7.631,68.734,37.525,31.358,90.83,80.855,17.981,1.014,17.868,56.729,60.665,3.145,97.592,99.374,48.391,61.4,54.648,15.839,74.17,92.658,19.285,2.956,2.304,51.174,15.235,86.687,11.479,21.696,32.754,21.976,72.774,93.985,26.759,48.157,95.323,34.855,55.15,29.432,74.519,49.58,51.266,39.994,19.305,17.296,68.706,88.731,28.108,39.283,58.365,76.645,31.159,79.41,95.376,48.783,88.286,42.374,74.708,81.589,62.291,60.73,42.931,56.714,37.396,63.27,6.427,16.725,3.376,51.136,58.687,29.347,82.669,64.51,96.515,35.225,2.994,17.99,32.268,79.09,35.774,7.264,65.695,37.196,77.951,12.23,31.859,1.09,32.887,46.538,79.524,89.874,56.164,38.559,60.18,52.726,10.292,27.805,60.79,88.336,85.991,7.482,89.266,42.175,75.62,31.778,32.012,19.712,80.273,49.865,99.026,42.124,12.409,17.114,32.687,38.286,57.641,28.504,64.367,85.61,98.795,91.164,28.437,84.164,40.281,89.583,91.803,3.912,64.478,6.945,9.512,80.251,72.325,27.467,75.369,40.034,55.645,31.317,61.232,39.333,69.646,45.458,84.867,96.715,12.141,37.391,61.798,2.929,4.783,1.04,10.514,32.286,68.76,43.568,17.019,19.116,90.228,36.888,90.288,98.957,93.411,86.801,25.969,78.494,11.08,94.714,7.504,32.933,61.275,81.249,26.991,17.034,13.776,46.069,12.629,86.189,75.303,88.78,96.584,41.329,44.678,12.237,52.759,57.788,66.127,97.635,32.191,73.086,22.583,26.381,29.623,8.279,55.852,87.287,65.948,73.527,20.589,7.802,97.177,6.027,1.313,21.614,81.851,18.792,10.453,20.866,59.052,52.764,85.846,76.049,31.183,45.402,15.4,50.451,91.413,21.878,36.364,97.506,86.786,51.346,78.002,18.795,27.784,16.42,30.715,86.983,64.838,14.729,87.62,74.503,24.056,89.41,18.703,2.859,66.189,45.264,26.558,92.693,8.407,43.147,15.062,50.219,50.793,5.316,27.259,9.781,64.862,73.2,42.259,29.401,40.269,59.405,52.956,49.362,43.357,68.116,64.634,95.897,21.958,5.314,3.569,26.618,6.585,10.103,22.647,62.022,71.582,39.191,10.13,73.392,87.953,26.827,0
17.103,20.358,63.69,70.585,28.798,0.311,18.508,90.778,62.212,73.909,85.256,68.794,17.023,68.144,16.665,33.216,45.522,96.224,66.603,42.792,2.083,97.437,88.126,17.073,76.026,0.973,35.214,47.383,0.101,87.322,47.257,4.518,1.739,68.005,29.066,22.829,50.315,75.499,77.526,9.999,80.389,33.568,49.066,35.078,54.572,66.341,25.354,45.875,82.775,30.113,33.374,51.783,66.394,86.513,84.37,48.435,26.994,51.931,63.98,14.79,41.032,22.026,99.409,35.719,3.09,57.758,69.581,43.072,20.631,8.927,92.065,37.778,10.793,27.392,62.689,54.492,91.239,98.733,87.609,17.495,91.033,34.885,33.12,58.915,94.527,27.625,19.057,57.952,70.184,83.417,12.296,79.533,56.666,79.253,34.7,11.019,0.833,92.723,14.713,68.092,52.319,28.978,55.814,16.261,48.682,6.462,29.473,45.386,21.733,82.547,12.344,48.837,0.509,35.226,83.411,4.99,13.772,87.872,78.526,50.199,95.852,56.075,95.369,71.32,14.264,73.305,43.205,91.826,29.08,3.214,93.293,24.873,67.85,38.624,39.911,90.416,89.303,92.019,59.704,17.33,43.582,87.593,80.438,13.918,76.766,25.002,41.631,19.952,30.5,29.733,92.712,46.115,18.337,78.241,83.385,9.604,52.657,69.413,50.382,68.516,35.756,35.419,46.655,96.145,46.128,91.256,2.642,76.677,8.843,14.059,90.685,78.663,58.032,37.311,62.089,89.991,87.781,5.354,84.511,12.594,67.008,46.281,76.3,51.801,83.92,8.466,27.017,98.617,10.705,59.434,82.194,56.544,69.059,86.431,12.144,58.462,51.082,71.695,70.157,51.626,56.205,96.728,13.64,89.505,63.967,15.478,62.824,71.914,93.653,80.562,62.366,20.07,6.714,15.302,87.99,51.982,24.721,10.361,2.466,50.58,39.071,92.604,29.992,48.372,18.404,23.493,84.773,26.027,61.276,43.913,65.816,12.32,14.625,2.166,14.169,74.46,24.068,51.151,69.963,20.035,48.047,28.945,10.002,58.876,36.734,27.518,38.582,79.986,46.396,81.349,14.817,28.342,12.013,38.943,58.054,3.408,65.042,65.719,44.448,90.811,35.473,13.93,88.242,45.835,0.912,15.831,50.064,86.102,21.078,90.255,52.506,51.305,17.45,15.14,65.593,56.315,45.948,85.866,14.004,78.496,65.844,92.348,6.821,83.933,48.374,96.256,60.584,18.037,70.85,50.698,65.891,25.923,69.777,58.885,58.072,58.449,82.989,6.757,2.952,73.288,23.17,66.526,49.943,67.932,32.366,23.153,77.174,91.727,79.56,10.543,88.076,72.816,38.408,97.332,92.238,6.193,25.048,3.742,74.993,1
76.335,60.653,84.068,92.355,32.116,69.873,37.763,98.887,57.378,19.973,25.249,43.751,28.609,20.119,16.209,81.384,80.867,19.23,58.211,62.912,66.866,20.354,81.001,89.329,35.956,40.803,54.658,7.197,18.53,72.998,91.099,64.223,49.618,83.24,57.037,47.373,35.211,61.848,55.87,13.787,6.715,42.751,37.612,7.087,7.814,78.239,29.823,11.793,23.057,60.149,33.092,22.402,94.062,92.227,25.138,70.327,6.795,87.147,96.811,7.478,57.536,85.32,93.181,50.005,39.922,5.665,69.752,11.087,47.098,91.739,26.305,2.998,33.805,26.088,33.454,76.474,13.929,54.709,73.387,92.417,66.334,87.827,23.562,7.291,94.8,90.432,70.309,76.557,3.536,98.106,94.991,59.815,61.243,8.059,55.143,94.66,27.051,4.174,3.56,50.76,65.034,43.152,30.342,84.983,97.147,2.144,5.536,77.361,81.136,53.419,86.029,68.194,73.792,55.25,5.214,76.568,69.544,42.972,42.683,13.777,43.795,89.715,98.253,36.771,19.365,43.652,5.792,23.203,58.862,22.713,74.748,88.834,79.318,56.805,99.094,1.49,71.983,81.262,7.661,12.672,18.059,4.372,34.967,65.521,24.424,29.241,60.612,47.87,12.238,7.68,25.02,54.365,49.493,73.522,35.696,91.51,22.029,71.313,94.143,78.021,29.268,65.364,52.684,26.754,69.777,50.345,5.4,90.043,70.55,62.187,27.978,20.355,13.713,97.594,23.054,74.191,21.077,37.239,81.638,14.196,97.791,69.834,64.991,45.376,11.424,49.891,3.376,27.797,38.418,82.718,8.449,27.909,60.975,49.536,86.277,38.466,4.442,20.573,18.443,43.108,5.226,30.515,54.155,34.78,2.599,60.874,89.317,92.27,90.745,81.024,59.096,75.725,34.094,82.924,43.408,42.755,72.923,73.541,5.712,10.921,38.811,72.13,67.797,85.851,93.798,46.35,57.26,56.83,51.891,16.255,38.129,74.563,92.466,13.187,1.518,79.959,95.097,8.554,24.993,54.28,33.753,39.46,61.555,36.169,65.923,78.243,81.026,60.8,12.431,56.844,32.099,26.452,17.878,46.272,43.991,46.644,96.589,48.021,84.433,21.784,5.858,93.883,27.645,61.033,31.403,6.404,17.98,76.598,27.614,86.906,12.722,63.034,14.69,61.795,4.958,11.445,3.85,68.444,86.057,57.989,4.196,71.736,6.081,71.455,25.905,25.745,67.839,85.749,35.334,71.832,60.058,34.973,7.748,44.381,51.104,23.698,32.579,37.136,82.269,41.597,64.189,87.585,14.308,32.654,78.816,33.499,40.814,65.198,47.069,97.35,62.192,16.031,4.461,93.031,91.187,2.554,60.904,80.803,51.08,1
93.994,37.884,58.269,65.706,15.007,76.261,64.921,95.518,95.863,99.232,56.54,99.781,63.032,73.395,53.897,12.124,87.848,79.821,60.71,65.92,52.034,31.694,19.502,57.524,91.107,32.868,79.901,97.747,23.089,31.482,97.24,69.307,44.501,95.761,40.993,7.969,56.046,7.644,36.23,48.415,23.035,78.63,22.976,82.782,98.674,92.572,24.494,90.927,67.411,66.59,60.555,79.586,34.157,11.796,40.85,50.503,14.84,49.42,88.144,19.81,17.992,45.407,16.677,41.863,76.551,71.138,46.986,10.1,86.946,83.386,2.393,16.694,7.301,51.49,52.931,38.811,42.236,12.745,69.693,24.143,29.339,33.681,82.472,33.664,60.876,10.777,72.218,7.375,92.072,94.992,91.067,63.083,74.07,43.569,75.766,70.011,73.344,72.371,58.956,82.011,50.937,15.226,0.778,59.305,67.391,45.353,32.044,17.672,72.253,27.93,77.301,23.226,49.329,4.829,51.768,52.519,50.823,92.804,28.526,38.407,75.73,95.351,4.193,94.505,88.238,73.098,43.054,27.826,87.958,31.437,34.735,16.559,28.784,48.664,22.363,16.932,93.92,25.943,60.617,10.612,23.167,27.863,9.598,55.216,50.87,16.885,59.839,3.975,89.064,53.792,19.513,48.837,82.24,36.954,28.184,94.788,42.65,44.482,12.618,45.385,91.8,71.625,91.918,11.994,88.888,49.326,8.686,13.682,27.845,66.872,96.844,80.364,74.428,22.244,7.435,15.673,33.534,45.346,73.552,67.208,7.409,68.794,89.227,3.836,10.044,70.51,52.13,19.04,55.817,83.764,62.608,94.918,62.729,24.591,58.634,87.211,22.021,19.568,47.012,48.451,18.71,49.673,13.179,63.477,8.871,51.631,72.328,21.419,43.432,49.069,61.122,70.999,3.881,68.798,61.338,63.103,23.472,34.87,53.046,95.434,87.789,84.069,87.504,66.798,49.022,63.003,59.784,54.341,29.542,21.893,96.292,89.682,76.394,41.959,44.717,24.74,42.487,17.619,95.632,66.061,34.758,39.809,12.806,88.217,84.012,86.401,60.106,68.722,2.896,26.792,21.511,85.099,40.901,56.226,32.319,67.499,41.123,80.903,42.52,26.07,5.463,48.551,21.895,63.627,4.563,44.764,22.131,87.562,53.601,77.955,11.032,96.826,61.075,12.922,53.977,95.028,2.112,37.919,78.043,33.329,35.27,76.601,6.346,4.922,21.046,53.547,98.522,83.815,39.553,71.782,29.019,16.14,37.388,41.34,55.295,24.87,1.364,84.548,75.512,52.656,50.15,79.134,4.229,28.309,2.424,63.156,68.807,3.378,74.992,81.3,37.786,40.075,81.83,87.662,86.198,7.653,50.451,70.349,73.264,0
1.474,83.025,60.487,15.185,73.587,79.262,19.428,60.569,31.219,32.373,51.236,2.343,27.405,20.267,26.427,65.605,47.14,29.124,9.306,96.689,56.1,48.335,90.767,53.32,24.461,1.721,49.703,39.365,37.274,54.658,10.83,22.406,97.519,39.735,23.212,36.982,56.315,64.282,33.244,80.968,97.582,9.539,16.926,86.483,48.981,24.997,14.133,61.649,47.351,72.303,56.664,23.243,76.741,25.202,31.145,33.787,15.061,32.144,56.531,40.653,0.557,69.04,75.504,79.47,54.559,31.302,65.201,32.184,70.887,51.443,85.865,99.276,8.143,10.504,69.926,37.569,75.689,16.209,74.815,16.62,43.76,97.192,3.906,42.418,17.072,80.315,48.719,74.899,54.709,39.941,29.675,43.548,29.422,92.197,67.668,52.248,61.51,37.163,65.022,14.152,52.325,20.446,61.4,71.447,51.938,25.124,46.288,93.62,92.708,72.013,85.24,13.534,52.438,82.941,0.982,41.63,15.035,6.705,97.698,31.184,18.767,69.405,53.773,33.104,6.111,46.869,15.645,35.045,55.916,22.603,62.882,92.788,27.458,82.075,86.809,58.447,30.575,62.45,40.327,25.475,54.102,65.937,7.748,15.242,73.066,27.999,26.294,10.232,79.688,58.732,76.605,33.016,77.198,59.217,27.724,80.73,87.134,66.85,47.341,16.81,78.336,98.909,9.134,80.335,14.649,16.482,87.461,32.334,89.595,5.219,51.171,43.969,66.484,32.709,50.038,11.73,56.015,37.731,38.553,47.448,31.176,52.199,53.069,88.329,84.219,95.536,94.549,83.36,71.135,83.988,56.049,49.009,78.897,68.537,55.791,43.541,34.818,2.53,36.569,46.608,67.004,72.849,21.378,55.979,99.79,93.941,38.246,17.901,74.763,1.067,44.208,52.6,0.561,31.039,9.411,36.887,25.376,92.156,60.677,3.353,27.495,47.873,4.392,69.55,25.304,62.527,97.114,82.333,86.319,92.757,99.723,63.224,49.03,47.345,87.494,75.059,80.743,3.819,2.884,89.427,15.319,73.62,87.091,13.165,41.957,84.58,5.605,63.748,6.233,9.748,54.408,98.34,19.418,61.4,1.667,83.727,84.823,31.648,70.931,90.572,58.685,94.43,51.634,94.055,40.317,83.772,66.964,6.495,82.505,50.153,72.896,8.397,44.34,27.553,19.868,50.547,17.297,74.683,83.786,0.322,27.376,35.068,34.145,56.817,69.629,56.619,46.301,11.626,9.056,72.955,18.566,59.115,96.577,76.672,78.874,21.753,37.453,8.127,72.428,24.673,83.731,64.232,90.148,19.109,75.583,13.273,5.334,70.591,17.8,14.043,31.554,22.596,18.825,88.357,17.711,29.493,69.756,26.455,48.989,1
34.886,64.183,44.967,63.103,83.173,3.673,83.472,38.568,53.795,21.066,70.219,34.692,81.091,79.627,20.745,69.965,50.377,82.986,79.43,9.076,77.341,25.821,46.769,3.145,11.53,65.833,18.643,13.982,58.682,37.228,37.791,58.839,3.385,70.129,62.947,86.933,0.79,42.141,33.471,64.788,10.021,91.315,30.628,46.684,18.616,2.175,80.922,45.645,57.597,43.497,39.933,83.41,25.257,37.321,33.788,67.856,30.017,97.077,87.743,76.317,90.087,50.696,42.099,77.407,95.398,40.075,2.856,51.22,92.235,88.66,96.524,94.285,19.846,97.243,75.185,12.989,33.315,95.991,97.033,30.927,76.582,80.149,45.871,16.534,0.084,14.749,88.295,30.128,8.038,23.618,20.332,9.017,24.473,68.471,84.567,37.426,47.734,34.471,47.08,68.679,69.878,91.283,66.844,83.135,70.622,76.306,9.582,12.85,76.304,13.353,77.326,89.802,81.979,73.037,42.459,39.385,7.166,48.831,74.043,58.643,22.169,60.852,76.784,36.913,33.985,82.324,61.057,75.168,91.459,64.558,13.808,18.797,21.123,43.54,33.959,65.404,42.571,28.496,38.682,82.128,3.483,95.851,42.174,16.354,68.234,83.423,46.492,8.264,68.607,10.141,86.247,80.355,1.222,31.903,57.468,38.399,45.469,48.614,95.992,40.17,77.136,30.295,25.865,63.412,60.364,80.242,45.027,37.283,47.355,33.506,53.502,36.486,78.549,98.073,53.171,38.347,67.472,15.039,33.712,93.418,59.015,19.761,81.284,72.763,45.499,4.854,28.171,12.155,48.962,36.71,88.917,68.639,25.233,33.746,29.614,81.917,54.275,17.873,35.689,1.752,32.463,63.598,59.578,35.724,3.661,73.868,24.863,8.405,9.457,72.679,63.292,43.11,27.47,97.185,68.899,24.41,82.557,83.492,73.269,52.356,45.842,7.654,37.28,14.675,97.684,63.781,88.204,38.191,98.027,7.876,92.744,74.927,42.253,2.238,95.036,25.686,65.29,88.293,83.685,43.344,11.643,19.164,26.098,30.32,51.404,85.424,24.375,79.895,37.424,47.292,76.072,43.695,74.687,77.831,27.685,67.144,60.462,90.975,67.821,27.268,40.718,1.872,41.432,12.977,26.705,59.908,97.59,31.816,22.132,1.807,32.461,6.372,28.783,71.203,82.697,58.791,63.477,32.875,38.904,92.987,1.257,34.06,34.637,44.438,46.195,74.257,21.064,69.773,67.299,25.569,3.227,85.229,96.772,63.138,56.133,34.53,20.755,98.487,36.919,29.182,31.534,67.45,2.956,62.486,16.673,35.163,43.153,99.583,2.341,97.336,55.644,49.076,23.472,92.118,13.17,60.712,84.967,9.698,21.831,0
57.075,17.862,15.912,77.752,73.446,40.112,40.852,75.128,41.818,59.925,31.94,36.317,10.564,88.476,96.024,76.175,31.778,53.563,39.217,85.906,49.483,46.391,82.614,44.946,92.391,17.763,28.841,53.267,33.405,46.402,17.227,90.728,38.335,65.31,97.425,41.029,63.642,61.888,13.857,61.992,99.891,59.957,73.215,94.549,32.502,24.994,56.931,47.191,9.097,37.03,74.297,88.351,65.412,55.206,86.344,85.031,16.138,36.906,87.465,17.521,93.714,92.139,32.272,29.298,89.445,20.701,46.118,24.505,60.325,98.971,79.675,97.281,50.021,11.116,60.401,33.126,92.016,15.927,46.221,96.247,0.688,3.232,67.687,86.706,99.553,86.217,7.037,41.709,26.003,71.598,12.098,77.66,64.709,53.417,2.372,48.081,72.603,29.296,39.84,82.232,76.876,36.337,71.662,51.156,64.963,42.859,12.406,14.598,26.25,82.523,75.358,11.178,16.895,41.289,33.983,91.297,79.555,21.008,9.713,64.204,7.407,89.92,49.158,24.473,26.0,29.529,44.467,78.737,69.956,56.823,59.443,76.132,14.802,28.843,22.102,37.085,36.272,29.122,94.479,15.83,63.389,47.528,43.986,29.488,74.373,69.508,14.653,29.233,38.423,63.676,2.8,21.166,30.296,58.423,25.942,72.114,74.546,99.612,40.584,61.846,17.041,34.421,15.588,85.261,31.43,37.436,86.541,48.525,16.912,52.524,17.539,89.713,1.423,94.695,34.237,30.931,22.431,27.832,77.801,78.927,65.0,35.65,45.932,91.27,90.63,83.998,84.575,78.309,52.412,22.837,20.253,66.424,39.849,9.884,32.952,6.72,55.328,53.475,74.126,87.262,97.044,5.597,56.67,24.797,25.607,73.944,68.97,65.081,24.509,68.964,45.607,4.023,60.914,55.198,9.136,19.001,83.069,6.367,90.313,52.256,6.087,22.759,58.568,58.127,46.427,53.693,78.141,31.886,63.391,19.643,11.641,8.339,19.74,54.237,21.499,48.723,56.933,58.171,86.114,11.152,88.652,77.74,19.48,80.577,61.441,45.625,0.05,75.456,60.135,49.261,17.653,50.729,51.42,95.144,29.964,86.726,24.902,27.529,56.126,30.88,44.004,97.723,94.57,48.758,31.921,97.435,47.051,16.313,6.556,43.201,30.464,92.53,44.32,63.788,53.859,18.266,77.879,76.285,21.322,50.178,32.002,53.04,10.292,30.006,60.953,57.101,15.46,15.639,76.64,78.581,85.236,61.012,15.713,95.671,98.115,65.349,78.875,77.975,26.938,93.284,47.198,85.624,30.362,14.499,33.372,35.393,74.521,44.971,42.53,39.354,41.712,76.222,40.408,96.868,35.361,80.537,97.499,76.705,1.948,0
20.861,71.667,29.48,37.348,32.185,79.092,32.569,55.997,19.945,21.498,50.294,85.64,10.683,24.314,32.548,47.968,72.126,46.987,97.113,4.6,65.942,68.78,90.889,48.704,28.014,60.67,37.502,10.144,63.963,27.605,36.945,92.361,11.103,13.428,74.983,32.455,77.524,41.378,15.177,15.042,29.886,19.999,8.801,24.523,57.273,76.279,26.072,53.103,29.142,2.185,77.21,6.8,78.59,71.14,31.396,85.343,90.51,44.584,88.459,18.414,46.833,46.08,33.301,67.767,70.406,25.536,74.765,2.314,11.919,41.078,39.631,48.636,4.803,52.84,91.298,51.226,1.62,43.721,3.208,50.421,79.828,79.014,49.201,57.482,63.437,73.443,56.531,97.423,78.059,53.176,79.859,84.63,8.773,92.25,61.003,99.295,75.191,76.712,43.095,27.686,45.129,88.054,73.894,65.044,7.303,64.784,33.981,52.771,69.259,82.021,43.24,2.148,57.474,0.635,82.822,1.887,22.523,42.715,25.885,22.289,67.454,32.662,45.775,66.54,76.993,57.444,35.465,88.031,86.724,15.26,77.299,20.614,18.159,2.622,60.192,84.47,77.946,54.008,95.466,32.746,31.534,23.01,20.881,30.293,42.428,27.108,93.63,21.724,35.534,13.731,89.888,43.964,83.416,37.511,44.395,74.394,73.991,38.042,44.681,39.918,20.563,38.05,81.45,9.285,17.51,91.328,72.452,12.17,75.661,12.036,48.911,60.485,74.968,31.688,19.098,98.515,79.979,35.986,25.528,11.199,45.695,0.726,80.341,40.031,85.749,35.468,94.573,83.653,43.415,84.781,30.069,99.971,8.445,64.358,38.969,47.136,95.131,27.472,64.736,32.327,14.074,24.9,56.458,12.795,15.576,69.507,76.229,6.118,80.238,86.635,66.095,37.17,41.488,15.748,17.242,93.629,96.53,74.197,81.032,18.161,87.908,10.939,16.237,49.756,30.606,62.531,90.898,26.518,32.107,78.327,33.158,88.882,3.422,87.203,91.358,4.65,37.704,59.851,52.52,15.817,1.494,89.719,9.212,98.819,11.241,47.569,98.337,85.614,53.673,13.441,60.327,63.686,31.143,46.949,90.288,12.82,65.637,36.558,61.361,71.632,47.779,74.872,85.197,19.629,21.931,12.981,94.229,22.555,8.219,9.479,40.384,88.692,10.523,22.622,18.463,65.937,32.863,97.396,66.836,51.992,57.717,88.358,75.989,13.171,42.202,66.12,57.937,93.462,3.423,90.601,38.503,4.802,19.79,18.217,14.295,3.411,79.477,16.189,32.253,57.209,48.384,34.39,62.871,81.699,57.72,45.21,21.484,62.131,54.588,11.782,27.931,76.851,92.389,33.725,89.253,25.528,80.699,48.736,54.89,0
66.801,34.238,51.907,6.312,36.542,64.229,96.475,12.623,22.713,45.743,11.114,55.046,29.571,87.331,30.703,43.616,98.431,8.297,86.697,50.472,39.756,94.125,99.854,19.488,84.001,22.186,1.672,73.341,35.394,60.094,15.177,85.993,52.505,80.026,36.266,23.042,94.716,53.087,37.447,10.014,16.564,63.431,61.818,84.324,75.11,15.205,94.219,60.967,85.83,27.842,95.906,94.89,29.65,90.096,97.201,89.374,46.8,13.612,93.814,0.035,25.133,55.576,31.161,92.305,61.312,95.928,5.922,41.038,14.379,82.244,76.459,80.699,95.091,24.246,78.631,64.608,39.1,19.337,83.433,7.053,96.336,27.622,89.264,12.347,73.965,94.434,15.185,44.338,67.224,76.058,1.077,11.729,31.116,10.261,62.855,47.111,66.042,29.882,12.486,74.291,45.437,7.04,97.899,91.051,34.138,27.21,98.796,38.15,89.112,11.284,46.653,58.498,87.624,69.144,79.446,75.846,22.463,10.305,99.761,60.332,59.905,36.255,86.936,66.491,83.671,96.324,42.167,63.806,86.517,28.02,72.405,27.587,25.167,50.782,41.965,83.63,98.309,8.309,10.113,80.599,24.274,49.498,59.108,66.563,10.397,78.092,70.853,56.067,83.741,37.582,51.897,92.524,38.259,60.166,59.034,79.36,95.407,57.563,11.747,76.403,36.07,67.261,90.379,42.183,39.375,74.431,34.73,78.814,85.223,57.334,52.277,94.02,81.316,62.812,77.763,66.907,2.564,56.693,2.414,94.595,9.88,92.067,80.19,72.906,84.943,25.351,81.837,34.405,97.358,24.87,44.601,4.78,45.82,99.098,26.317,79.364,20.938,77.081,54.728,32.188,40.132,34.854,81.547,84.472,85.665,33.376,61.64,73.986,83.624,22.757,82.868,10.13,72.194,63.945,31.292,49.719,18.619,38.27,26.468,70.74,35.059,80.59,89.578,75.477,95.931,32.276,11.148,58.185,90.883,70.023,56.049,75.677,53.825,39.797,69.564,19.862,9.054,59.797,87.693,40.464,26.337,71.589,53.283,39.676,92.126,10.363,95.607,81.457,88.745,29.391,57.011,8.221,99.944,44.254,4.077,54.799,66.752,27.379,49.449,83.325,98.326,24.535,22.583,64.79,21.597,1.242,24.368,2.077,61.222,83.793,41.453,55.123,56.809,41.232,84.79,58.09,62.726,88.86,97.913,74.679,70.675,98.192,80.343,26.356,37.023,90.005,93.692,32.015,35.707,95.809,13.449,85.994,98.626,24.69,53.828,12.876,98.101,78.422,50.745,47.574,31.348,80.725,60.409,72.011,71.756,64.497,55.407,98.508,46.529,57.426,5.32,61.881,49.713,43.618,95.316,17.134,55.996,55.9,5.755,1
47.663,70.631,6.378,35.441,95.473,27.609,25.201,89.653,2.758,59.774,43.083,76.437,13.336,39.625,66.18,30.983,69.721,30.466,23.256,79.842,50.795,40.714,76.63,98.018,58.687,86.273,97.089,5.297,75.447,58.745,77.462,7.101,6.363,41.371,16.121,19.462,97.978,77.373,98.959,83.574,2.949,92.883,72.867,33.179,9.416,40.356,70.093,68.535,80.491,38.129,47.441,84.727,18.299,31.12,17.741,43.036,25.201,9.073,26.051,20.061,35.12,64.723,8.157,45.173,9.403,25.777,87.93,6.09,55.713,68.271,9.549,0.173,98.513,1.258,32.686,30.626,80.004,56.808,37.484,6.939,17.239,63.648,49.82,53.521,97.577,9.697,68.318,15.467,37.417,17.693,44.07,84.597,77.198,50.733,81.436,44.511,62.208,93.529,88.823,79.365,12.028,93.425,93.503,10.777,68.303,59.011,16.739,9.972,19.316,15.525,61.319,33.74,45.467,65.849,83.177,78.406,94.401,66.871,6.546,24.622,14.138,96.039,49.077,79.405,4.159,5.862,98.235,48.042,84.36,65.966,75.461,59.113,84.777,9.095,65.48,91.187,56.3,70.221,52.167,75.692,64.32,28.256,13.548,76.352,29.296,62.634,40.424,37.707,49.047,49.124,32.151,48.41,38.881,49.761,78.636,28.719,68.405,5.512,83.126,18.808,8.919,89.209,74.785,57.127,17.336,31.365,4.796,2.796,96.677,38.49,35.177,53.776,82.375,68.417,43.38,50.837,84.922,50.875,68.113,4.472,21.449,45.723,18.571,22.157,32.031,71.403,49.528,57.115,61.302,4.523,38.149,90.032,11.633,29.044,90.44,65.959,91.524,33.075,17.706,38.992,22.837,91.758,40.196,15.593,59.875,62.176,25.819,92.218,68.04,71.017,90.209,30.974,94.027,65.334,91.374,40.92,1.023,82.355,37.713,84.263,18.95,77.923,25.343,1.043,69.252,4.18,76.713,12.889,68.95,7.052,11.438,15.892,79.119,6.65,53.694,16.737,74.009,95.532,71.502,69.502,28.481,28.644,85.551,26.15,76.099,39.491,88.56,20.213,8.65,84.645,20.079,51.823,3.57,47.882,11.141,3.803,38.806,8.361,69.362,6.74,43.595,37.09,73.835,44.202,76.913,66.288,50.362,97.451,76.855,72.491,4.376,1.421,15.271,85.949,25.08,17.553,46.204,90.156,5.643,38.003,94.682,50.559,22.524,62.721,33.589,72.118,2.531,44.053,84.342,60.166,28.781,16.11,54.712,31.755,11.137,6.513,51.805,1.746,72.048,72.408,32.166,3.843,90.152,68.432,0.59,0.342,5.842,38.753,56.695,85.7,76.218,3.52,54.558,1.979,82.4,47.643,57.149,38.605,68.561,1
44.967,74.807,68.288,61.261,34.515,98.798,45.498,91.943,15.314,53.645,36.014,14.441,63.709,17.435,96.737,99.914,88.194,36.808,2.094,80.545,14.398,45.993,71.069,54.15,22.699,40.223,84.014,35.294,94.188,42.114,41.773,73.345,44.389,38.844,36.356,32.601,39.888,72.331,20.592,21.696,19.097,19.46,87.361,65.933,61.888,90.035,54.821,76.398,40.821,64.4,21.351,14.133,10.865,65.224,30.032,83.289,77.458,62.36,5.089,21.718,55.169,15.672,38.429,51.75,18.032,44.298,69.397,38.597,66.699,27.332,74.597,56.336,15.586,40.188,78.186,19.781,41.129,46.858,86.803,13.056,93.125,31.621,93.302,61.232,73.532,87.592,67.619,78.696,8.575,0.867,86.225,5.275,85.26,31.329,90.18,20.301,15.06,21.301,84.068,36.294,90.925,58.345,82.825,47.509,70.36,28.974,10.15,56.189,90.082,15.202,41.519,53.231,61.829,15.828,55.232,46.957,98.33,68.996,90.365,97.612,66.387,14.665,44.49,75.567,13.56,38.095,37.937,17.046,1.995,68.812,81.795,93.094,58.489,18.183,89.399,97.03,94.66,56.678,88.56,98.782,88.649,6.889,13.494,30.01,39.362,14.949,99.29,79.097,66.89,96.158,32.07,71.141,94.876,8.307,60.281,79.932,1.596,89.105,41.774,16.906,85.125,19.202,28.025,52.043,91.593,48.961,90.582,5.201,23.88,30.664,44.893,43.295,4.046,75.0,75.977,45.809,8.024,55.127,13.065,97.825,62.417,73.464,1.921,38.067,90.453,38.002,3.598,67.19,69.686,33.563,80.315,85.363,78.412,40.72,34.213,94.291,71.912,55.238,48.883,26.667,91.336,91.878,8.48,66.622,31.861,50.879,11.353,81.076,80.623,10.705,7.441,37.339,15.401,80.146,77.888,86.369,0.965,1.345,80.699,87.016,61.746,15.624,62.613,87.135,46.076,87.34,78.613,10.583,12.198,70.415,19.952,74.606,8.116,9.17,95.139,0.384,79.159,23.308,5.0,7.941,32.04,52.933,47.604,19.73,98.793,60.546,18.606,28.806,67.616,86.501,6.127,18.493,0.631,17.585,19.772,14.389,54.2,97.272,69.997,70.287,7.578,18.705,32.141,99.198,16.242,63.53,59.231,60.155,50.665,28.54,42.652,82.447,73.544,53.055,65.484,96.814,25.167,75.43,6.465,6.278,34.422,73.291,61.985,81.77,7.995,76.443,71.611,1.2,74.427,8.823,58.814,91.633,36.148,68.108,67.82,6.588,26.244,83.973,45.079,74.219,48.045,49.969,76.341,31.347,99.91,19.029,58.723,4.27,35.289,46.494,46.164,92.345,84.648,97.228,46.362,89.909,45.218,14.208,75.055,1
94.963,87.336,78.827,38.146,87.025,14.938,36.571,43.438,81.74,90.536,15.104,94.604,21.699,1.639,47.229,27.089,19.776,49.732,15.832,82.978,85.381,27.767,18.995,60.682,49.914,43.511,85.16,48.734,66.579,35.337,10.601,95.295,70.602,60.782,14.148,51.876,49.423,21.64,49.051,95.686,63.151,33.858,31.061,61.848,61.163,59.912,52.964,34.11,37.335,68.851,12.813,56.533,47.352,1.771,37.001,24.611,94.458,68.828,91.015,90.255,63.387,90.184,47.619,28.053,34.076,79.382,69.833,90.186,96.547,78.16,57.227,91.138,70.81,60.939,81.332,24.91,56.33,89.056,31.346,88.073,38.414,14.836,32.165,52.924,46.269,90.043,94.714,72.783,6.693,38.958,19.318,76.995,71.191,36.378,77.776,47.375,22.333,0.305,35.617,62.065,56.188,78.368,95.667,48.47,31.417,88.321,20.006,81.073,18.82,92.371,60.508,29.562,6.056,88.477,52.35,50.413,24.823,37.601,70.065,85.27,29.818,20.424,29.61,2.882,64.399,42.142,36.863,77.58,99.298,44.669,38.202,15.698,44.414,31.409,93.69,45.594,19.778,60.654,28.476,58.648,32.28,1.696,5.242,32.654,47.71,14.175,83.18,37.503,2.547,43.426,32.388,17.8,61.308,76.053,64.362,32.401,75.649,3.938,51.171,72.278,71.366,49.668,92.695,13.991,10.225,16.338,71.385,9.186,36.032,35.708,8.116,34.357,6.958,40.056,6.215,41.635,78.973,69.459,54.81,8.947,20.725,15.906,76.276,86.867,22.74,5.651,68.352,2.423,64.29,69.729,47.869,4.218,75.853,94.997,95.442,13.767,31.946,38.753,63.433,39.581,51.025,28.964,2.351,71.474,41.494,6.796,20.012,3.601,22.951,49.147,34.938,8.063,88.165,50.915,82.904,39.718,15.226,0.735,62.768,62.279,26.565,37.43,38.842,83.482,75.417,25.628,19.577,89.793,39.263,65.046,45.165,44.554,96.773,67.185,77.002,20.459,11.269,38.745,10.673,93.308,20.558,75.976,73.57,29.861,68.975,21.434,59.326,30.337,46.378,64.783,22.981,89.021,84.356,21.681,2.381,1.236,82.959,86.036,20.635,94.68,38.857,32.736,98.423,60.181,16.526,49.168,56.083,28.534,98.678,85.736,24.852,61.637,88.441,85.268,61.928,85.717,94.679,93.016,30.345,38.142,56.811,15.949,5.354,21.531,19.079,42.317,87.644,7.61,41.749,2.239,77.044,89.852,30.205,26.273,93.013,88.736,80.056,20.467,91.941,74.426,68.183,3.037,93.104,47.65,1.434,8.61,23.48,86.979,57.978,55.744,27.007,70.288,47.972,73.143,15.329,6.516,67.802,2.99,49.742,1
41.242,97.291,57.676,4.403,6.301,76.953,28.082,28.157,47.917,80.194,2.441,27.196,87.199,23.482,44.799,0.195,65.018,87.352,83.539,43.534,95.215,48.853,23.152,84.846,4.729,36.403,59.805,45.626,47.248,16.389,65.86,37.127,55.102,14.57,73.519,34.679,17.396,40.178,46.748,34.744,29.245,81.423,75.166,49.451,54.227,36.033,43.171,60.215,88.477,33.28,35.867,46.656,75.37,86.18,16.428,4.276,50.635,85.971,62.506,59.879,54.021,83.201,15.943,79.874,13.952,81.626,20.581,69.321,8.174,41.898,11.188,50.138,4.198,10.382,0.404,93.451,66.464,16.47,22.678,70.975,33.49,11.692,73.185,79.691,54.845,39.496,65.689,39.28,57.702,74.983,68.78,98.795,22.581,64.39,15.57,69.394,75.332,71.62,89.318,96.928,79.994,49.52,91.584,69.494,30.656,75.58,30.286,20.924,63.825,95.155,19.101,1.622,29.578,20.709,82.766,68.048,6.702,45.26,11.895,94.487,66.159,1.057,59.756,34.317,37.492,30.379,61.926,91.956,63.522,59.334,67.912,97.701,49.999,35.15,25.578,47.36,79.783,75.292,76.979,42.27,58.712,88.064,94.912,68.485,99.464,37.997,96.277,75.905,8.683,25.216,9.205,24.539,83.063,63.13,9.401,37.985,33.738,60.361,46.928,32.287,55.263,70.404,45.12,61.372,9.495,68.382,59.343,67.524,2.824,50.629,6.91,18.123,27.474,56.505,80.131,53.566,72.433,25.32,11.767,51.674,17.392,45.173,85.356,3.982,60.112,42.673,68.681,96.856,7.682,48.215,24.904,38.73,74.453,65.387,17.663,37.672,30.228,22.342,86.557,58.357,49.335,71.383,80.842,94.804,11.609,16.443,13.2,97.88,60.521,2.368,49.615,79.434,42.997,70.841,89.769,36.829,54.348,41.862,3.354,43.629,70.205,6.694,8.724,87.778,66.47,47.463,50.711,24.323,92.787,13.753,2.411,8.638,18.679,19.652,65.986,54.592,55.737,47.788,97.087,65.626,58.212,11.585,3.976,20.245,30.034,74.664,39.071,37.186,51.02,1.217,52.456,26.589,53.052,30.334,81.146,31.953,24.368,48.039,21.356,66.404,47.828,21.412,17.242,55.303,62.703,85.869,7.092,66.708,85.785,14.54,76.052,47.769,98.987,7.259,16.473,62.694,41.351,62.562,93.761,82.798,40.639,75.237,4.291,32.049,39.463,19.261,72.65,37.368,44.983,83.637,22.472,90.751,47.937,94.939,50.955,40.653,87.187,63.534,24.134,52.126,49.713,7.506,59.982,41.732,56.169,70.447,77.705,77.292,3.995,27.739,28.083,65.017,98.668,34.148,83.632,60.53,91.933,85.538,46.991,1
38.609,87.116,68.845,69.525,92.345,60.52,66.101,57.399,46.933,9.099,48.968,34.241,51.7,63.137,25.159,26.821,27.125,28.895,51.352,31.305,90.581,90.722,56.601,34.851,30.635,82.574,51.767,41.154,26.391,42.385,65.911,76.831,89.055,13.928,76.991,29.502,68.71,36.149,54.278,32.114,79.803,58.175,17.342,72.459,87.615,63.86,20.573,78.995,83.039,18.308,64.748,49.696,24.563,48.434,27.074,56.819,53.741,14.634,60.598,25.254,96.651,81.311,98.387,0.327,18.893,93.412,92.781,45.476,99.085,58.358,27.709,56.745,19.919,5.099,42.771,98.17,59.527,47.637,38.688,11.944,18.11,36.133,80.13,5.45,84.717,27.736,54.849,26.841,78.387,92.575,68.672,20.489,89.131,56.657,0.986,33.761,62.436,27.717,42.98,23.049,61.831,57.062,26.674,55.262,84.077,15.17,55.371,31.672,21.987,80.571,82.512,20.314,61.63,95.447,9.118,74.046,97.867,26.973,48.626,9.568,84.538,22.097,45.951,16.564,17.354,22.034,10.739,23.877,30.849,57.964,59.972,38.67,21.339,10.037,8.2,71.243,44.253,73.916,38.448,61.505,38.016,54.126,27.172,88.181,49.152,78.959,52.394,32.208,49.903,61.564,83.822,60.655,37.296,70.346,60.095,69.893,37.766,78.807,20.713,31.421,40.51,24.877,29.068,23.09,60.044,46.971,2.428,93.527,24.407,69.758,45.225,80.01,38.887,34.518,38.097,49.096,72.418,90.919,8.946,25.493,22.856,36.659,99.71,47.853,16.854,85.365,64.501,59.911,81.014,84.59,97.916,36.457,76.071,8.997,91.585,9.238,69.531,5.007,7.926,93.201,45.31,29.315,85.85,27.851,91.596,22.909,31.16,52.051,23.182,9.227,5.215,65.462,78.426,95.384,94.151,17.594,54.794,94.202,89.492,23.625,80.773,19.539,71.253,6.738,10.151,81.729,17.873,12.414,46.254,76.086,72.321,15.272,93.215,24.565,0.875,85.541,76.635,51.325,2.072,50.451,5.685,13.495,4.834,15.591,13.229,86.169,83.428,57.386,27.928,24.579,17.515,10.988,24.821,64.014,75.451,6.707,37.743,0.057,46.077,79.884,67.753,39.502,54.147,40.39,52.505,96.21,94.329,35.394,60.552,71.836,74.934,75.163,52.347,40.768,50.315,49.973,80.484,20.689,59.98,36.75,29.844,60.44,41.241,37.594,37.362,31.455,19.87,1.604,43.554,63.845,14.717,86.52,79.052,74.923,64.907,30.197,24.449,1.638,22.707,43.903,48.678,46.635,46.52,88.238,46.33,41.58,5.135,94.773,89.704,92.275,29.542,5.312,46.509,38.656,65.343,43.338,59.824,35.477,51.256,1
4.052,98.136,84.717,6.776,33.145,31.034,50.672,1.106,10.13,74.434,56.159,5.989,50.951,63.067,37.127,44.836,33.404,61.293,34.693,32.654,36.797,80.122,58.562,88.353,75.849,43.341,51.397,66.632,54.799,74.894,50.595,99.864,15.333,82.471,33.015,71.427,73.145,63.52,14.395,76.211,19.633,61.687,27.576,22.024,4.401,1.211,13.294,41.838,19.366,79.947,88.317,42.691,56.819,99.043,21.062,99.103,16.339,3.746,72.724,78.701,21.909,91.513,16.56,67.261,11.424,66.942,81.169,34.274,72.792,37.212,46.893,95.652,57.704,54.793,90.133,74.211,63.152,32.653,15.56,68.196,71.656,52.005,27.896,59.385,89.659,22.62,2.223,48.34,32.815,50.884,49.887,72.428,40.471,95.21,30.034,86.313,10.65,14.797,22.363,78.348,88.075,24.874,90.517,92.605,69.738,50.584,41.265,39.985,56.657,29.908,24.249,62.306,94.849,66.288,77.497,92.612,5.69,40.592,43.217,41.422,97.836,33.379,37.038,30.801,48.652,99.78,92.784,39.634,21.403,43.011,23.511,24.324,80.453,33.611,59.798,59.345,85.32,10.066,8.231,73.743,15.005,42.854,89.658,93.437,79.359,69.738,15.189,5.136,47.121,3.268,29.142,84.358,67.874,91.808,69.998,66.606,8.752,16.522,30.977,9.997,99.632,8.235,3.951,0.021,92.255,78.954,89.706,82.419,49.036,26.733,29.143,83.685,7.168,61.274,13.862,46.234,85.24,15.739,77.608,51.489,49.642,22.379,28.37,39.339,33.866,16.281,47.266,45.251,95.17,30.64,65.349,81.464,41.797,93.05,79.426,84.712,66.626,21.055,46.129,70.323,3.68,5.875,87.514,14.768,99.823,12.611,72.277,28.248,33.273,31.995,23.925,48.16,40.988,92.987,66.827,67.164,72.938,30.255,70.911,89.559,65.618,36.421,39.079,34.509,4.891,84.112,80.363,38.956,81.252,46.35,96.655,78.372,86.257,44.961,81.578,74.528,70.738,65.84,95.807,75.151,86.813,18.396,86.917,16.418,25.06,9.322,87.552,33.456,4.203,14.034,51.278,49.536,27.786,20.226,18.051,3.845,0.923,36.073,34.296,61.488,33.718,10.46,77.157,96.927,20.171,14.781,68.036,85.777,74.405,27.345,39.069,52.874,59.049,92.658,19.666,76.971,73.127,3.943,96.414,59.098,29.019,99.679,45.644,28.449,1.791,58.932,96.509,6.28,82.955,41.725,46.354,88.437,57.19,92.309,83.48,22.29,26.47,89.151,85.216,81.674,66.843,57.956,39.481,0.429,22.922,22.18,82.151,23.898,0.225,4.776,7.611,80.328,53.526,89.949,93.992,1.634,86.855,73.275,76.678,1
76.89,66.331,49.664,58.018,53.409,55.236,77.967,85.523,92.563,38.903,72.572,17.724,65.61,1.421,42.95,32.877,24.56,47.986,9.946,93.108,73.102,16.902,29.232,25.709,16.186,42.645,72.916,36.143,76.509,28.878,99.789,69.156,63.902,7.623,15.557,12.144,93.71,95.359,6.598,77.034,75.845,27.005,17.897,76.49,33.753,50.046,83.519,53.459,51.078,48.124,61.437,78.55,35.626,9.203,17.64,80.66,54.53,25.028,1.823,91.388,80.438,79.331,8.642,6.343,14.581,16.034,81.522,53.481,47.869,92.471,63.157,2.979,85.351,79.267,43.24,80.728,77.586,40.246,16.752,62.108,48.342,58.635,69.735,97.614,74.465,83.451,93.38,78.077,55.746,45.785,32.221,36.887,89.997,3.638,18.808,57.094,1.712,66.458,37.254,33.873,74.973,0.744,31.517,46.348,13.408,9.598,52.051,76.613,59.289,47.343,55.359,55.16,76.158,11.975,81.083,78.615,63.808,24.604,53.708,42.564,3.894,10.657,93.905,66.482,99.84,69.591,81.569,99.928,28.067,84.974,98.131,97.513,36.379,49.829,73.863,40.687,2.615,28.516,18.478,9.308,13.742,52.495,59.955,10.012,11.337,97.464,76.8,31.831,12.373,57.641,58.223,7.884,4.908,31.149,76.063,75.484,91.297,7.966,71.281,93.521,87.03,54.606,90.632,65.79,10.044,40.365,93.079,31.189,87.796,9.297,33.327,74.109,13.689,9.431,94.47,0.401,89.14,4.252,80.95,40.599,10.689,15.881,93.966,89.502,24.758,33.406,18.513,91.816,70.07,10.387,81.225,47.032,72.875,12.666,73.786,82.218,68.245,23.859,40.791,68.141,87.507,57.669,72.985,84.184,49.265,23.791,42.972,61.326,38.844,82.503,29.271,13.621,97.372,41.154,57.833,26.936,61.638,88.957,70.69,25.5,60.526,0.145,11.461,59.074,74.679,69.13,57.662,81.445,58.02,96.717,24.878,71.107,23.086,25.0,4.656,7.22,39.472,96.522,27.655,11.261,0.282,21.02,11.077,69.622,41.336,34.136,44.707,14.699,64.796,12.324,36.876,97.725,37.872,51.887,27.506,66.312,85.776,14.592,38.921,18.8,66.586,94.677,24.277,48.891,27.39,4.893,0.306,46.358,6.14,88.894,5.959,45.875,28.907,41.34,88.131,14.07,27.933,42.615,1.377,78.57,52.959,58.648,34.784,64.425,44.934,68.843,27.562,47.684,39.059,16.046,22.057,90.481,1.715,23.442,48.59,21.887,94.852,50.97,93.398,10.982,72.124,52.203,68.991,27.181,65.829,79.946,74.64,2.03,56.716,88.481,24.123,28.281,80.971,75.774,66.845,55.596,61.359,79.899,52.992,0
62.752,97.745,0.337,95.862,32.738,68.964,55.387,56.795,0.146,19.342,10.847,30.634,76.416,25.117,80.459,58.619,62.885,66.984,96.065,56.522,35.689,37.992,62.462,89.026,32.472,85.78,35.688,75.893,53.249,49.315,43.082,56.244,68.973,10.319,89.593,23.13,86.655,20.496,41.236,99.596,7.26,68.096,97.593,44.128,13.572,73.802,21.847,9.686,25.646,91.82,40.914,99.132,64.302,88.98,89.31,9.348,92.357,61.177,9.351,25.032,59.832,74.642,93.827,24.121,47.601,27.708,16.704,75.733,72.866,92.623,48.955,99.226,79.572,88.747,10.009,50.37,22.933,57.567,0.009,69.638,93.465,75.333,55.629,16.429,73.89,98.07,57.17,66.73,19.254,82.231,23.422,4.52,17.939,82.728,19.764,29.5,6.128,44.947,61.865,3.149,72.574,72.406,36.664,75.659,76.109,83.475,43.182,68.792,83.362,15.907,37.809,17.138,3.513,17.51,84.291,42.036,8.483,15.753,7.321,41.505,43.462,69.969,16.619,71.37,71.372,88.383,53.087,90.091,59.168,96.189,58.562,33.005,45.306,82.878,59.427,66.052,21.559,44.906,17.214,83.669,44.508,31.573,60.628,92.621,79.83,83.562,19.627,29.553,77.256,46.487,9.102,58.14,79.66,12.678,5.379,73.7,53.354,85.718,56.006,39.461,64.966,71.245,81.67,5.283,17.979,87.58,79.894,24.048,5.076,85.83,54.367,7.417,53.9,8.357,52.508,9.354,26.114,54.891,82.811,4.402,49.051,83.79,13.971,79.003,69.878,8.938,14.782,44.235,42.212,63.385,8.016,76.014,46.09,68.134,99.275,33.768,3.311,1.153,2.732,66.488,2.421,80.96,3.035,32.25,75.756,80.797,58.584,8.263,19.042,95.309,9.826,78.365,53.903,37.154,78.747,74.847,60.487,71.923,98.84,31.284,67.218,79.469,50.402,28.986,29.214,15.927,54.578,14.794,66.814,54.001,28.718,52.222,76.799,15.058,82.436,28.898,62.165,4.246,37.945,4.038,43.469,2.625,59.921,0.28,26.129,24.561,34.535,34.149,36.147,51.589,53.004,40.518,56.3,23.58,14.927,26.941,22.784,32.164,66.132,36.621,82.158,78.514,37.533,4.187,71.429,62.502,5.304,20.792,41.018,85.603,55.826,61.809,78.652,1.699,62.44,63.624,93.86,92.464,18.477,6.451,26.781,4.699,12.241,39.168,83.49,12.426,55.579,52.929,0.497,62.558,25.866,85.695,17.745,94.845,49.845,93.09,51.566,37.809,76.385,52.832,6.417,26.78,15.486,6.553,69.664,61.907,29.515,17.087,57.142,66.95,73.055,40.764,15.859,24.272,41.98,71.699,36.826,72.523,52.832,0
10.409,96.077,25.185,46.197,4.078,39.018,94.545,63.163,15.667,94.614,37.366,29.061,87.347,18.659,78.866,72.112,36.905,54.347,18.696,19.167,86.547,72.925,66.866,46.983,30.773,79.209,86.308,51.298,95.997,53.035,91.627,2.249,22.587,10.897,24.144,69.741,51.875,83.042,27.543,72.549,13.425,61.01,69.719,67.368,33.993,28.97,63.908,99.313,29.138,20.464,21.613,96.973,82.394,19.433,52.621,58.712,88.348,12.218,72.845,80.67,80.595,9.006,71.131,45.474,46.645,87.86,12.378,4.833,97.559,24.11,9.142,67.878,49.258,13.471,64.403,99.944,3.921,40.665,3.476,7.684,8.387,75.004,76.135,49.667,96.17,99.142,9.531,96.074,85.838,77.891,72.029,52.447,0.838,91.151,20.87,2.657,81.069,58.609,33.459,41.502,54.974,83.76,52.387,1.312,68.84,33.385,63.683,49.735,72.926,82.304,59.607,96.037,90.794,91.667,88.228,68.012,39.176,60.974,34.579,88.588,7.625,60.369,80.851,87.084,63.929,57.503,10.886,29.224,23.135,52.989,34.295,2.638,13.929,99.693,19.471,81.495,15.768,21.559,60.196,14.788,24.014,27.502,33.769,7.674,25.515,3.648,74.602,73.073,13.005,53.611,94.067,4.285,36.684,2.125,79.203,23.765,93.559,42.867,96.629,74.376,51.934,9.599,74.634,42.652,84.654,93.885,94.385,87.483,5.539,88.494,36.132,39.783,60.743,81.817,76.274,38.628,68.491,7.268,94.031,21.285,95.279,76.759,25.403,34.053,5.205,42.979,55.029,43.624,10.877,62.638,48.527,76.305,64.415,14.26,21.086,52.449,26.378,74.966,4.034,24.21,89.636,0.496,52.781,44.743,19.407,29.844,47.689,66.711,55.029,89.372,13.65,4.612,23.375,37.43,72.386,5.34,66.703,45.153,69.397,60.568,4.749,36.824,56.446,70.755,80.329,28.576,18.178,1.577,99.536,99.189,58.29,16.56,75.622,70.616,62.378,62.596,76.663,57.272,37.587,78.052,29.641,55.27,60.466,60.031,72.976,67.828,98.124,45.62,88.915,29.555,53.526,36.618,38.41,95.194,24.82,33.035,10.294,2.127,50.044,30.959,61.878,97.485,19.445,17.512,19.038,18.495,78.033,81.937,29.443,14.129,96.911,40.421,55.985,93.753,40.782,69.968,99.002,47.298,39.799,11.772,76.379,97.234,3.052,44.199,74.928,30.95,94.303,72.44,51.999,22.04,67.015,60.24,36.18,24.396,95.007,13.852,89.707,75.701,83.597,98.094,82.801,89.725,96.002,88.728,11.781,14.246,69.514,61.001,34.134,54.925,84.897,14.724,59.051,35.872,67.655,43.415,26.604,78.36,38.243,1
34.472,63.035,92.346,21.663,56.179,80.874,9.825,83.061,88.229,76.649,80.723,31.369,33.685,92.383,12.019,84.331,77.722,39.867,14.895,58.761,77.314,84.976,27.19,89.899,85.464,83.253,16.425,75.233,0.098,66.772,51.39,60.039,90.734,38.929,99.844,11.678,97.965,38.719,20.206,8.121,19.333,61.189,82.356,82.332,2.549,94.534,37.519,5.599,64.829,8.01,62.986,7.316,73.773,5.432,40.779,17.719,62.954,19.59,58.246,44.331,41.113,14.365,72.998,22.051,27.98,1.682,49.527,44.269,28.15,16.231,71.432,44.903,13.973,40.322,86.302,67.139,59.631,34.455,55.546,9.207,87.245,72.499,82.601,92.283,92.309,98.198,56.542,93.249,6.679,77.774,2.274,93.657,67.463,26.28,97.03,19.844,45.387,8.919,13.267,93.139,35.788,93.061,20.262,91.582,40.131,46.719,92.717,46.426,20.492,99.611,90.764,67.803,7.859,16.338,37.983,21.887,42.19,82.517,97.954,31.776,46.773,54.611,97.643,37.598,19.039,44.749,89.14,54.519,30.71,59.256,72.599,16.869,57.881,4.779,86.412,29.402,4.3,81.746,43.116,28.476,5.29,45.174,68.205,83.2,39.836,53.418,92.768,90.504,74.092,49.966,51.339,91.517,7.518,83.396,63.906,87.818,89.427,58.899,82.732,10.234,19.339,51.942,97.368,17.162,54.613,73.455,49.131,73.123,60.649,23.386,42.602,82.633,87.473,53.936,87.664,84.808,17.722,68.153,31.844,2.916,22.891,75.027,95.977,2.292,78.561,58.861,71.918,42.869,68.075,99.447,45.357,70.011,40.266,93.819,23.595,40.508,77.989,14.654,79.24,36.509,0.225,54.062,8.435,84.068,18.045,62.917,32.789,15.922,99.215,67.875,65.956,1.483,33.505,98.887,93.706,68.675,40.493,15.034,7.286,65.13,93.707,7.275,57.062,32.739,39.793,45.673,59.417,3.943,59.063,77.257,26.852,42.996,60.896,28.88,54.673,1.617,15.834,89.218,3.779,33.088,3.391,60.517,72.964,66.231,54.228,97.501,59.822,69.141,50.736,29.187,12.999,88.249,33.772,73.542,51.221,62.952,64.727,28.357,45.186,54.569,45.789,81.026,91.292,69.528,44.141,35.694,17.904,89.52,40.165,39.05,19.599,76.911,65.673,2.622,61.558,27.49,78.025,96.352,6.348,62.782,97.336,49.49,53.22,38.447,14.992,62.364,91.532,50.581,71.854,15.392,83.409,32.012,57.68,49.391,74.976,79.053,53.214,68.156,0.065,64.355,68.234,79.241,36.868,69.55,88.302,66.357,86.779,75.557,39.015,72.769,33.188,45.664,3.832,67.301,16.792,89.977,17.591,74.647,85.248,1
25.121,93.423,39.317,59.359,19.611,35.302,81.523,29.416,63.83,63.395,13.31,53.27,57.605,26.925,39.139,86.637,86.629,19.457,96.047,92.377,93.454,34.019,16.442,7.961,68.053,32.788,53.304,33.789,98.938,48.33,91.395,34.335,16.768,57.544,40.365,58.912,86.833,22.227,52.974,78.168,37.005,22.355,99.143,50.448,55.993,39.122,36.58,95.163,48.963,26.285,38.628,85.012,32.438,60.988,75.599,77.3,28.73,26.171,0.76,30.662,62.318,87.775,89.387,82.433,7.451,83.24,91.388,59.9,16.481,19.915,83.302,33.362,23.602,79.345,8.601,36.422,39.453,8.821,29.365,10.752,82.76,20.23,21.66,17.351,61.938,21.447,41.948,72.784,95.062,9.738,79.88,44.733,31.732,1.606,62.077,95.273,14.969,86.426,80.238,28.348,76.976,8.714,77.633,17.732,38.293,52.921,99.759,69.608,52.372,56.149,60.507,83.491,75.776,0.673,36.099,23.501,51.426,55.78,76.699,40.219,89.019,93.517,55.741,91.289,77.586,41.608,95.555,86.403,58.357,41.551,75.429,53.891,27.954,86.259,13.822,70.61,51.021,98.315,89.317,27.961,63.217,73.289,42.196,36.371,86.679,78.761,84.158,28.803,50.203,30.454,61.438,11.866,8.298,69.318,98.539,2.54,93.257,0.626,3.94,15.594,30.684,63.917,58.633,87.841,7.275,23.642,64.265,82.582,99.12,11.573,32.598,31.738,20.834,32.398,48.053,52.179,63.342,42.568,73.816,68.199,28.391,28.436,51.981,61.691,38.583,61.996,71.674,14.407,96.31,69.036,93.665,42.307,89.887,78.883,71.936,29.267,41.328,74.69,12.974,84.596,98.479,70.368,91.924,28.791,94.97,6.959,21.844,81.357,70.757,80.773,10.586,13.373,83.634,12.63,60.658,87.866,64.515,62.691,62.407,5.898,73.83,88.548,51.959,41.537,48.954,20.396,55.275,34.501,53.251,76.694,40.403,70.617,66.516,17.694,18.067,35.009,46.426,26.034,97.33,56.204,26.563,13.567,15.475,57.122,3.269,14.245,9.023,81.667,85.488,74.19,38.241,65.768,24.109,10.225,5.31,86.903,71.829,96.035,64.542,17.555,45.717,21.507,44.29,71.719,21.727,56.448,58.255,18.615,83.786,2.927,18.179,15.519,95.519,90.964,21.41,41.194,17.119,10.081,42.71,32.695,85.387,7.536,30.32,55.314,14.387,89.671,32.51,36.369,96.415,78.935,85.57,54.016,32.02,93.97,26.678,12.216,72.479,46.303,74.366,49.31,16.156,39.308,24.714,1.956,33.262,86.543,57.761,95.308,49.812,71.549,11.648,89.327,60.361,84.794,58.227,0.269,57.104,44.014,16.209,1
24.649,90.107,46.851,52.7,49.77,11.251,49.033,89.538,32.688,57.958,55.831,91.498,24.303,14.924,81.232,75.275,9.856,79.323,39.713,79.059,86.298,54.798,17.327,88.337,26.531,55.421,60.658,93.973,88.483,51.862,50.592,56.892,34.931,21.059,73.998,70.495,37.219,51.433,18.466,63.743,39.435,6.088,83.785,75.061,99.755,76.857,20.2,27.813,30.21,92.254,64.541,81.467,85.519,57.385,10.948,6.641,83.518,16.3,21.005,72.796,89.854,86.759,2.284,14.922,57.719,77.922,72.977,58.688,34.825,2.403,30.279,47.797,65.375,73.492,19.285,61.208,19.633,0.491,41.558,47.01,21.042,59.348,9.293,96.741,14.518,4.842,15.093,15.179,20.725,11.808,68.679,70.04,46.034,46.655,66.018,5.35,60.584,74.602,8.924,11.271,40.27,12.95,18.071,12.096,72.167,44.649,72.3,66.172,92.553,75.995,93.24,19.795,62.297,72.968,3.702,57.188,43.145,33.731,53.615,66.034,45.534,87.687,81.126,77.665,10.363,76.436,28.204,10.046,28.445,78.984,68.304,62.535,14.061,33.716,0.874,66.492,98.198,15.013,28.671,12.881,83.999,59.14,70.063,36.673,96.768,72.157,83.965,6.602,74.211,65.516,80.536,21.462,66.695,59.62,12.82,69.456,49.656,1.709,9.717,96.889,11.865,27.546,42.386,35.902,32.664,36.669,30.695,92.402,21.201,2.704,94.151,88.81,77.852,2.565,99.01,93.019,42.246,36.182,16.195,23.081,49.486,6.031,59.907,6.152,71.884,96.399,43.122,86.196,2.238,22.82,12.648,28.14,65.009,90.112,34.239,26.106,86.406,82.777,68.445,64.204,22.184,71.033,28.546,24.97,12.469,61.614,90.798,40.554,49.639,91.421,63.984,36.857,89.304,30.826,6.488,44.281,67.707,99.804,37.197,42.517,17.248,24.61,47.957,10.643,83.677,25.11,43.418,11.056,55.494,76.916,79.726,51.418,3.873,2.665,91.147,79.253,55.384,10.038,39.864,76.344,8.998,16.187,51.628,54.437,51.685,81.234,67.019,44.776,14.813,3.048,71.979,97.42,70.43,46.346,19.549,4.245,45.296,24.65,46.195,22.919,7.971,4.78,87.023,36.112,53.069,27.555,30.024,80.103,17.498,70.406,2.479,56.513,18.173,53.169,52.812,35.533,42.591,42.948,25.376,2.968,12.05,0.547,19.896,67.105,87.217,20.037,40.258,82.259,91.946,43.948,25.422,43.747,39.362,82.319,7.893,58.515,52.462,83.069,69.948,47.5,3.208,97.982,40.298,42.556,31.06,33.033,58.931,75.51,79.51,5.058,58.851,66.654,12.432,25.232,1.965,65.51,58.556,54.388,94.148,0
82.055,56.292,69.993,70.751,69.644,57.417,31.505,66.771,70.773,31.667,17.212,25.552,60.885,3.79,58.965,64.658,59.793,49.691,91.258,78.333,52.919,49.282,22.368,6.512,46.325,43.902,12.028,41.458,60.299,74.991,10.206,90.808,95.545,14.844,48.496,95.255,48.502,57.102,24.824,83.092,76.22,43.689,21.094,68.888,51.539,59.098,28.911,56.846,11.394,61.055,80.701,6.7,82.255,26.411,88.342,84.812,95.575,13.957,21.434,5.098,46.074,90.408,84.425,10.569,41.074,84.103,66.076,65.926,63.082,66.044,25.949,84.962,90.194,54.575,97.324,8.369,36.938,70.182,61.521,51.296,50.446,99.305,58.471,90.083,89.745,8.35,44.446,2.241,83.628,50.365,58.765,28.977,66.149,3.054,82.035,7.061,54.662,39.9,26.004,53.51,16.072,12.024,94.68,88.344,52.195,73.745,23.314,98.286,97.252,37.38,93.251,53.91,6.171,2.569,54.009,41.879,32.02,66.658,82.881,17.983,18.891,56.343,29.956,40.323,76.461,66.798,93.415,51.09,49.968,81.714,27.042,16.535,67.041,55.969,50.469,46.336,75.216,57.86,99.905,93.021,47.714,63.539,26.713,58.884,22.934,11.791,90.472,8.844,58.097,11.249,42.715,49.436,55.185,24.811,48.751,67.419,80.848,55.321,22.413,72.287,35.404,77.903,46.024,79.786,80.481,67.003,39.816,29.285,4.517,60.475,42.163,63.965,83.509,37.631,54.68,72.035,93.556,42.931,26.564,51.17,15.169,44.395,15.295,33.802,38.594,15.981,93.342,58.0,24.316,63.032,27.522,54.671,0.034,96.766,96.015,77.867,26.592,40.013,69.669,22.795,4.109,43.591,98.501,39.519,15.134,98.752,52.721,60.194,6.815,2.205,83.302,8.918,7.385,99.871,11.295,89.606,99.422,24.829,66.118,98.714,64.01,16.325,82.075,20.457,40.738,23.265,47.511,40.763,0.042,18.658,24.863,91.835,32.122,51.104,40.061,77.976,70.033,91.001,36.032,95.615,75.048,49.559,26.218,61.628,42.892,65.029,87.304,69.701,27.36,78.77,41.639,84.513,47.005,74.034,89.658,93.136,6.533,51.579,70.019,59.455,57.323,54.662,4.183,54.104,90.755,0.285,40.07,83.333,14.546,27.15,44.285,41.37,84.779,10.459,22.647,32.645,18.471,39.452,37.653,26.503,42.219,66.317,61.741,91.514,69.888,58.177,69.648,54.955,31.162,50.672,56.722,68.869,86.673,32.733,58.835,97.89,80.358,4.93,12.412,13.477,59.911,18.058,84.482,78.105,99.468,24.64,92.875,88.915,4.449,11.339,47.448,42.248,72.82,22.707,59.601,75.271,55.524,39.489,42.125,0
41.079,70.936,12.576,51.467,25.991,37.239,5.581,48.551,4.915,59.412,65.133,30.113,13.589,53.035,58.036,17.893,29.332,37.634,37.504,86.518,78.552,74.056,55.675,43.491,49.75,5.0,78.918,26.213,1.436,79.05,31.074,42.359,36.419,75.627,33.992,89.246,57.121,78.252,30.852,31.893,22.073,78.126,80.526,2.889,13.086,85.704,36.953,79.893,87.589,78.328,85.429,18.433,41.873,70.06,5.419,39.649,33.4,60.824,22.89,5.37,69.479,67.527,16.026,18.674,17.491,29.411,96.328,79.819,42.818,88.135,69.395,47.395,40.124,76.381,61.327,39.014,10.366,17.688,70.914,9.991,37.251,97.241,50.336,95.655,53.341,51.707,38.824,5.997,76.049,97.943,1.501,47.459,51.627,39.608,71.097,99.164,12.785,87.462,17.289,59.552,94.177,44.409,78.559,1.362,80.191,44.612,99.422,40.855,26.312,16.411,81.199,7.614,73.045,91.952,5.347,52.876,22.881,75.972,47.872,22.798,34.572,58.874,38.587,75.256,4.809,55.411,97.37,63.556,36.85,26.473,51.406,30.976,12.341,55.749,75.118,50.346,87.865,36.203,75.242,95.002,4.715,67.582,42.924,30.55,36.743,65.221,33.854,14.564,19.681,88.005,11.14,94.446,15.416,71.293,44.745,76.975,61.478,73.648,97.715,68.217,62.079,81.56,8.487,43.839,77.355,76.416,24.29,29.347,64.152,74.226,48.929,3.071,86.761,55.509,37.951,16.972,7.278,47.473,71.422,65.505,6.078,84.679,60.674,38.702,24.694,4.17,32.895,63.534,3.32,60.888,79.283,22.954,71.919,50.304,14.483,62.413,22.944,84.777,88.11,1.182,85.784,86.322,78.784,74.031,51.47,71.516,39.634,47.417,28.661,90.5,84.256,34.534,17.225,25.41,91.679,95.551,26.165,42.75,82.585,21.027,53.508,36.163,6.596,60.277,21.744,70.458,55.247,1.557,68.624,75.565,80.045,66.952,24.092,59.576,14.708,45.649,50.234,66.107,87.413,73.534,80.391,56.79,42.558,58.633,51.449,15.5,88.672,69.06,6.092,99.321,31.45,57.878,13.284,47.934,27.424,44.941,13.753,37.684,3.643,8.954,72.89,59.822,74.77,38.134,25.263,26.78,90.456,83.164,64.87,59.239,16.273,23.547,56.801,10.32,97.579,98.533,65.953,49.997,39.19,81.691,94.37,56.658,98.341,51.708,51.468,4.938,57.807,92.412,16.778,12.113,81.621,1.49,23.002,88.896,1.628,69.166,38.594,43.397,11.461,91.004,50.792,63.138,67.147,55.811,80.204,48.085,38.623,1.12,8.361,29.547,37.267,79.686,28.876,91.727,23.523,55.303,92.856,64.988,64.115,0
58.963,75.512,78.617,27.636,78.304,76.643,55.033,13.825,31.486,40.867,98.244,31.639,67.628,9.766,0.365,73.334,99.459,45.704,75.16,91.6,0.351,81.737,27.895,32.942,74.219,37.919,83.409,33.141,90.294,4.608,43.285,89.689,38.993,26.867,7.383,90.499,39.299,37.097,86.75,70.896,70.408,89.181,94.26,98.678,0.159,44.702,32.393,39.882,81.794,91.631,26.886,61.861,4.196,61.518,36.728,56.17,19.465,41.969,20.23,55.396,37.792,72.562,56.46,40.526,38.841,45.911,1.543,23.408,43.345,55.542,89.771,56.575,47.248,99.501,66.041,48.53,61.437,36.408,37.1,59.136,18.061,45.353,7.753,45.447,37.705,69.321,23.675,2.228,8.698,43.161,70.154,98.825,45.455,96.339,52.198,55.907,87.268,38.014,30.273,7.866,85.478,76.105,98.04,57.164,93.452,94.075,78.397,36.121,51.05,97.152,11.778,48.666,29.079,9.021,74.795,48.828,38.51,18.488,7.463,54.181,79.723,64.498,14.465,9.19,71.277,40.281,13.777,26.627,16.272,60.316,47.753,51.223,7.445,5.339,70.713,99.57,88.388,72.101,36.644,91.625,10.524,55.355,68.102,37.285,83.344,4.537,43.512,50.58,0.289,57.798,12.633,86.964,49.694,0.006,57.452,93.81,4.978,63.212,21.956,70.413,34.217,27.511,5.284,17.168,82.728,27.845,86.452,99.188,50.31,91.954,61.103,88.742,88.548,28.0,5.841,48.547,65.195,91.241,51.671,16.092,26.182,45.262,9.009,99.369,7.249,94.16,54.224,93.123,77.243,0.625,6.591,78.63,94.297,64.148,75.306,5.9,11.617,37.18,0.103,17.8,46.382,80.726,98.105,65.694,31.498,42.74,74.753,4.362,36.273,94.7,86.219,44.059,82.082,13.616,4.385,46.238,80.966,59.365,68.049,0.46,48.387,90.605,82.998,65.365,87.726,57.4,31.226,71.138,69.913,22.7,64.586,79.745,52.19,41.32,55.533,21.334,85.746,34.461,59.518,27.903,47.222,11.557,83.633,8.809,62.441,72.095,92.57,97.74,20.218,31.085,53.842,21.322,77.051,77.345,3.552,33.229,15.373,77.468,66.399,40.328,68.46,6.872,89.24,21.334,88.165,79.067,35.994,25.603,76.394,82.386,33.74,91.84,42.068,6.048,86.204,97.901,43.542,74.533,44.78,58.829,21.903,71.775,25.137,29.958,54.194,19.523,30.364,17.688,80.02,38.263,98.14,90.775,96.905,29.792,91.5,54.019,33.085,5.307,81.63,92.701,70.469,39.347,44.899,33.556,8.006,96.092,15.946,56.457,72.919,0.973,3.401,93.692,90.231,32.455,4.251,62.894,30.947,2.756,99.011,0
88.948,9.973,8.333,10.012,77.891,94.14,9.475,98.628,1.91,32.853,29.493,94.243,68.198,5.398,70.27,16.819,2.379,71.709,37.095,23.381,81.757,93.217,69.863,8.316,17.713,0.065,8.269,13.523,43.774,31.375,79.389,56.589,87.192,5.952,15.791,41.768,81.246,91.897,7.894,11.099,21.46,71.947,18.309,87.851,96.661,65.468,68.639,25.963,63.372,61.764,3.199,28.252,95.586,49.231,76.498,70.418,84.452,46.37,55.074,93.075,70.83,58.989,36.616,2.805,23.06,75.1,6.576,0.972,39.267,95.739,62.204,96.983,77.286,1.22,69.003,57.898,0.3,34.821,93.769,87.829,42.841,50.648,69.873,76.032,6.441,54.276,62.686,90.986,95.541,99.049,33.681,61.537,89.191,95.984,35.917,75.997,24.363,37.38,56.708,14.651,36.135,7.066,5.932,96.375,56.939,57.761,64.413,39.778,42.847,91.401,82.425,5.879,54.674,71.713,47.75,4.409,69.545,24.164,47.898,26.706,68.022,71.666,95.642,66.221,57.028,28.898,58.105,96.318,37.497,22.503,0.278,49.078,37.698,84.807,15.718,32.809,21.797,63.288,82.844,7.288,21.252,37.948,25.51,89.884,18.364,10.577,53.724,18.377,6.115,18.677,94.702,70.246,14.945,78.928,30.772,85.601,6.974,73.723,3.195,3.983,89.503,42.175,67.677,35.617,0.562,76.431,54.101,91.352,51.044,24.298,15.147,90.285,8.839,39.258,21.994,13.608,92.752,28.159,67.834,95.769,92.353,45.654,75.424,99.602,55.648,98.202,45.115,85.721,86.07,8.773,59.342,59.36,42.35,16.749,4.643,95.325,24.027,67.104,88.231,79.734,88.474,14.147,37.004,52.066,7.774,46.194,46.337,2.466,59.584,0.11,44.492,9.083,34.425,16.21,71.369,55.073,18.093,43.145,95.744,9.897,79.526,72.556,17.092,35.257,91.039,78.568,52.225,90.986,72.279,68.64,56.554,43.373,77.28,50.313,21.144,37.143,55.024,8.155,58.854,31.295,74.962,69.027,47.045,70.398,9.42,55.601,4.446,5.034,99.242,33.967,23.633,53.498,80.83,60.387,21.595,54.749,37.544,94.26,50.852,58.188,89.921,80.371,27.611,96.144,31.099,5.342,9.597,51.391,16.812,75.399,16.251,5.397,55.12,61.504,53.665,62.527,83.868,22.864,66.249,15.549,25.196,27.742,48.727,27.876,21.142,13.168,74.931,52.49,10.971,42.146,95.349,35.99,60.244,19.628,1.021,12.653,62.73,1.305,3.612,20.786,5.071,93.71,69.588,21.902,13.12,71.694,49.803,85.049,12.719,87.581,24.37,71.785,4.143,77.685,13.064,9.354,33.547,4.703,25.347,0
0.289,98.436,5.744,71.525,59.487,93.49,43.997,45.96,39.788,58.456,61.111,22.424,76.791,68.379,65.176,99.067,8.966,68.264,81.295,97.828,7.403,29.854,86.519,4.088,94.489,58.204,95.579,21.817,94.411,2.917,24.794,96.536,54.121,27.591,62.009,39.188,15.084,8.116,86.863,93.889,41.98,1.399,5.588,40.586,88.48,96.884,41.768,96.971,39.326,95.405,87.701,4.058,23.387,39.4,15.297,57.033,80.418,36.205,6.044,58.121,77.88,78.322,30.05,3.618,96.531,39.152,19.635,30.617,77.021,71.728,56.755,34.379,30.23,60.452,16.727,18.977,84.651,38.534,43.384,83.402,8.846,96.866,25.573,78.583,66.546,91.964,73.884,94.084,55.481,32.056,67.351,10.141,51.469,51.324,88.628,3.929,73.495,94.914,59.412,68.724,9.809,62.277,40.756,63.947,72.435,90.744,71.122,65.802,57.089,38.027,22.06,55.971,80.5,88.736,72.017,96.241,28.173,46.093,95.8,88.896,66.671,36.467,23.585,24.552,94.924,94.936,3.473,68.952,7.755,70.641,36.584,66.846,49.951,2.799,98.014,26.708,86.357,77.836,39.04,68.983,67.514,49.938,79.607,40.138,71.211,72.055,99.036,72.175,94.274,91.619,33.55,19.937,96.705,43.659,56.432,99.113,27.085,38.666,72.813,77.692,38.231,80.689,43.091,90.594,12.647,17.708,28.555,2.213,69.774,0.792,33.204,83.877,61.833,93.99,50.805,81.477,18.536,39.91,14.26,78.653,37.122,38.129,30.209,44.668,11.284,92.264,1.355,87.012,27.618,23.96,77.692,58.85,11.866,18.159,12.254,81.364,5.264,66.77,26.477,54.446,19.541,79.264,15.741,41.546,11.634,77.675,88.613,21.349,80.959,45.281,41.265,65.779,45.79,10.425,90.746,90.367,2.999,64.562,73.087,49.568,53.083,35.627,16.701,93.192,7.94,72.989,44.663,91.615,55.698,31.834,20.912,81.565,65.794,73.912,17.622,88.918,50.549,46.065,26.706,68.028,89.029,49.806,11.243,19.4,96.487,86.969,93.376,67.671,69.15,41.092,34.144,74.197,14.759,90.494,46.28,13.206,42.997,68.197,40.674,19.498,0.341,27.866,6.195,82.741,92.5,62.93,35.711,15.25,43.933,53.701,2.459,93.605,32.548,51.914,98.408,3.637,92.077,48.384,68.242,72.949,6.571,18.631,46.311,84.668,19.487,42.542,60.422,22.671,57.366,79.176,76.924,21.762,39.8,80.612,69.413,49.438,16.448,3.508,12.162,37.808,34.586,70.919,51.81,39.077,90.648,2.679,64.488,57.561,63.117,48.464,24.613,12.782,37.353,61.537,82.725,85.981,68.289,90.954,14.836,0
63.994,77.086,44.269,69.931,19.01,52.221,60.792,0.142,36.359,47.368,69.349,89.44,83.16,78.186,22.55,22.664,42.682,50.728,97.199,46.954,9.164,4.895,97.612,4.556,18.744,60.713,78.791,12.079,50.567,15.839,85.354,38.113,9.867,49.139,15.597,9.978,64.481,95.215,98.048,22.226,96.275,67.777,63.212,18.289,8.964,85.903,66.622,84.181,43.474,70.745,26.214,85.953,77.935,47.848,32.431,75.375,13.102,20.982,96.986,21.669,69.085,15.277,95.228,91.964,50.836,63.474,75.438,29.204,99.714,34.611,99.039,85.806,56.607,71.735,66.5,68.533,86.023,17.864,95.835,40.503,37.703,82.105,61.793,99.306,21.106,65.609,90.022,24.224,89.709,79.036,47.879,79.874,6.667,64.775,53.157,27.156,68.367,49.178,10.454,23.631,48.557,31.526,85.677,94.978,77.217,65.32,32.396,1.355,65.999,21.975,38.537,40.129,5.733,78.455,66.397,22.924,82.817,47.353,36.538,6.326,73.05,79.075,4.503,31.842,56.868,79.928,93.678,65.969,36.829,42.812,72.038,7.202,56.623,91.831,34.222,42.827,1.691,93.335,9.132,72.09,59.243,21.152,32.104,54.712,35.775,18.486,47.716,0.053,13.709,25.362,43.46,15.83,1.491,62.275,65.203,9.609,72.896,8.981,30.748,94.08,57.157,75.19,43.0,94.663,40.353,53.198,64.727,40.598,56.639,52.322,21.562,16.497,49.055,48.387,7.99,60.194,77.049,13.185,65.203,67.495,2.832,95.914,69.545,96.383,53.477,47.515,54.47,35.242,84.066,93.597,94.07,68.494,90.011,69.828,30.877,11.529,9.17,76.996,32.882,18.838,95.381,67.211,78.564,63.693,18.169,12.469,4.568,12.105,6.925,84.216,77.46,48.629,37.814,99.319,56.304,45.609,92.166,47.994,71.097,0.119,42.086,56.126,39.564,30.919,66.538,43.526,40.091,57.24,59.309,92.336,88.481,8.903,81.622,38.566,34.756,69.063,3.377,85.79,3.303,40.671,35.3,69.903,47.026,3.764,73.911,97.505,56.505,61.646,96.289,44.138,10.991,63.499,65.007,13.735,69.595,22.274,20.589,69.472,59.356,71.902,17.925,34.976,16.151,16.11,41.353,20.637,29.971,98.745,85.333,61.408,91.617,62.076,55.959,56.992,33.54,39.347,92.26,41.395,43.462,29.854,33.041,26.173,90.113,92.335,74.533,30.739,25.74,7.299,89.669,61.199,39.552,92.8,58.909,75.298,24.246,70.569,85.772,27.579,45.089,22.641,88.092,87.707,26.379,52.582,67.602,65.738,56.136,14.61,4.774,32.819,42.013,60.544,47.703,93.518,98.833,66.901,53.318,77.054,52.238,1
9.976,15.769,96.734,99.771,76.025,44.554,6.12,17.334,86.042,76.168,47.893,30.136,85.163,34.775,28.707,70.976,41.28,33.668,80.035,13.191,77.775,3.729,1.016,30.177,56.668,84.826,38.15,6.409,72.353,22.345,5.461,2.739,89.724,87.464,10.664,77.879,20.404,86.377,33.332,39.348,35.624,70.698,39.161,33.077,33.738,67.754,47.135,0.232,93.992,97.085,7.888,57.366,21.84,6.878,70.582,55.255,18.915,69.576,39.655,22.129,7.248,93.455,55.073,4.806,20.47,89.025,19.049,40.74,93.279,74.086,3.349,24.866,31.003,29.276,26.512,20.791,10.778,30.126,66.329,71.421,41.569,74.145,67.48,65.803,78.143,54.027,2.802,55.217,90.161,94.954,31.379,70.785,14.087,86.036,38.143,58.257,5.012,88.612,65.382,64.663,97.228,43.815,28.605,46.582,18.832,3.754,20.784,31.854,15.517,53.656,79.138,36.661,4.693,16.199,55.908,94.432,42.212,33.834,44.846,33.677,87.214,92.228,15.948,20.104,52.031,15.332,79.321,0.932,1.624,33.019,57.362,10.781,20.441,0.996,2.197,19.727,40.829,44.097,73.406,12.286,90.09,78.331,36.52,81.579,43.754,42.687,77.591,60.967,34.737,81.383,24.912,74.839,17.356,64.175,21.061,7.824,90.351,91.024,73.472,55.613,25.832,48.764,23.499,21.678,71.674,95.076,13.181,12.706,29.601,6.81,97.221,58.153,74.14,99.94,77.057,9.087,71.77,95.761,66.192,13.24,5.212,37.33,43.935,87.867,41.359,83.133,66.055,54.646,72.965,95.844,83.17,47.629,63.606,49.519,82.484,41.392,62.23,83.24,93.572,18.288,26.371,38.632,63.982,22.739,87.24,44.071,78.862,46.916,14.834,50.579,93.113,17.988,31.666,4.01,95.579,78.194,34.324,39.42,53.378,71.261,91.486,72.471,14.743,24.741,24.91,18.763,57.34,94.049,79.443,9.973,8.454,97.933,11.923,45.789,51.351,23.571,34.666,68.836,41.593,91.821,61.419,66.961,89.086,89.881,45.441,4.948,82.438,29.135,3.605,62.928,22.554,15.105,10.357,97.162,61.725,69.444,17.82,31.834,88.575,76.432,49.399,17.266,14.21,49.223,38.781,25.453,22.031,45.44,16.355,36.072,28.926,14.434,37.568,37.688,32.05,81.091,59.11,64.605,85.0,19.236,19.53,73.594,69.236,81.645,20.236,28.99,30.204,87.721,83.351,30.473,84.062,49.91,59.922,92.245,1.174,46.462,80.444,1.032,37.419,68.312,76.596,68.435,7.137,76.609,31.322,78.802,44.82,25.738,70.199,18.166,42.714,65.793,15.996,87.765,74.108,41.411,26.801,45.235,49.801,1
79.479,16.002,35.869,15.361,41.836,88.582,34.929,8.371,80.952,13.382,65.412,57.27,92.745,15.091,28.584,7.134,92.406,95.505,76.86,21.837,15.163,31.775,75.745,70.113,40.222,43.589,46.327,72.02,15.417,40.861,82.667,72.272,66.408,95.396,4.275,37.698,33.522,25.921,51.437,64.631,55.122,9.71,20.476,10.697,65.47,76.028,4.045,27.261,53.443,85.099,70.437,15.703,81.892,8.371,85.05,9.436,82.884,78.211,37.211,29.607,66.275,88.344,71.123,53.833,86.973,54.344,53.579,99.143,29.795,0.844,76.358,10.974,32.672,55.627,5.849,30.93,30.559,13.357,83.682,0.096,79.461,17.766,92.807,91.557,49.783,63.828,48.044,83.191,52.078,77.594,95.976,63.781,28.177,87.022,74.893,77.507,11.875,43.534,12.93,29.619,18.029,61.052,71.486,43.612,14.483,7.51,18.302,30.564,6.396,28.432,61.173,53.19,79.584,11.277,73.274,93.766,91.704,56.835,86.187,86.584,9.005,86.27,44.651,82.538,40.625,60.941,97.676,27.769,69.065,9.654,16.088,69.831,11.089,54.955,5.701,87.518,42.225,2.094,68.819,16.809,0.213,0.538,93.625,74.8,53.924,19.339,39.603,87.297,0.385,63.181,32.664,17.946,24.427,52.946,23.494,70.978,93.532,55.315,16.184,41.793,81.032,17.092,77.835,76.731,6.245,45.11,53.398,43.22,82.263,75.629,93.356,85.779,17.731,55.581,88.954,88.201,50.16,89.296,67.317,88.276,20.385,81.456,40.751,74.698,50.566,63.5,88.327,96.348,91.305,75.004,76.796,17.703,45.488,24.783,55.215,96.513,10.866,97.315,18.987,66.382,79.11,20.113,22.561,60.877,9.915,54.056,50.81,97.082,34.933,18.683,73.717,72.832,6.33,47.687,70.825,76.425,94.097,1.978,95.267,48.228,38.564,65.064,42.249,62.915,37.023,58.2,0.627,89.885,53.823,10.045,65.419,26.64,77.032,62.117,46.709,44.459,40.975,46.064,50.317,11.067,96.994,41.9,85.323,64.325,54.102,29.891,66.074,17.82,67.556,99.068,82.191,15.068,39.079,36.864,95.334,39.925,38.447,17.081,86.988,57.475,9.42,32.367,20.414,61.674,59.318,89.111,16.251,32.615,60.234,67.116,62.827,0.903,44.434,29.786,13.65,86.165,2.247,26.812,47.518,76.483,41.201,59.027,99.702,6.293,43.787,61.874,48.443,56.244,55.325,59.529,30.699,67.972,25.491,35.194,61.781,57.098,40.563,7.527,50.906,80.273,80.198,84.698,11.254,46.204,28.898,45.834,94.372,34.336,39.867,58.152,80.843,10.682,38.082,77.641,53.37,26.522,31.604,79.234,16.667,1
87.584,32.667,17.09,83.569,98.659,16.403,13.954,45.868,39.671,28.988,60.183,6.121,83.987,17.914,53.464,25.266,52.008,77.017,0.054,87.726,57.313,18.995,66.573,4.115,48.247,66.676,54.086,23.696,59.5,47.373,83.341,74.351,10.599,34.763,98.425,23.656,14.938,96.013,78.83,91.52,4.724,21.285,67.966,72.02,75.977,40.33,59.217,86.944,59.644,64.505,1.729,96.824,35.744,29.278,55.796,76.725,19.158,43.827,54.136,84.467,99.053,43.199,56.948,50.265,47.985,72.101,1.951,11.832,47.21,41.445,64.274,3.492,11.3,75.012,42.773,88.856,12.288,23.093,91.893,30.302,96.893,13.153,59.531,4.327,48.395,66.527,95.469,55.863,92.913,81.85,37.423,30.088,3.862,14.176,77.812,11.683,91.016,61.128,43.619,47.769,31.543,42.547,17.826,93.894,18.08,60.899,33.179,21.545,63.52,65.991,43.958,2.94,49.89,48.04,38.88,54.118,68.473,32.568,59.729,60.078,32.626,9.639,82.409,23.176,22.522,0.611,83.044,96.945,28.747,72.865,21.816,16.622,82.89,89.947,5.636,74.102,39.439,65.841,94.65,93.052,6.799,71.713,47.23,92.314,64.009,63.331,46.331,15.705,77.24,53.607,54.558,24.638,34.651,32.099,67.511,55.414,17.097,58.446,30.527,68.127,34.628,71.28,31.263,40.608,97.75,32.769,36.824,8.403,6.656,33.599,5.223,85.168,4.716,30.851,9.275,44.824,30.726,47.162,76.469,63.863,35.662,14.115,43.836,52.892,74.335,73.225,11.213,78.947,46.124,35.641,30.028,80.578,57.108,19.944,28.938,90.13,20.317,33.337,48.833,53.432,22.225,12.481,21.777,8.315,78.752,68.838,23.965,64.431,91.844,98.04,42.712,3.743,47.443,53.495,17.508,91.361,6.832,79.44,47.992,47.522,0.964,82.721,43.479,31.597,6.259,18.154,44.517,30.573,32.671,66.089,92.658,72.894,48.263,80.578,51.186,10.153,56.453,10.738,42.486,47.837,29.254,86.936,49.656,73.522,44.269,37.89,16.259,80.907,58.885,6.53,31.039,20.99,39.605,58.766,57.559,88.866,62.91,43.001,97.167,34.146,60.959,57.512,79.03,68.949,11.217,53.227,55.41,47.969,57.744,53.129,23.395,93.112,70.887,16.373,70.427,54.03,40.96,52.207,90.46,17.02,29.481,27.694,93.788,77.648,29.754,75.108,90.094,66.999,72.42,58.284,43.804,56.104,87.684,82.389,88.983,32.859,70.998,34.853,51.99,94.545,74.19,84.259,5.134,14.346,44.111,58.381,73.113,60.92,89.719,84.573,83.859,82.0,29.924,54.045,63.93,90.73,45.185,8.195,1.439,1
75.061,52.912,91.59,26.269,32.873,9.888,26.588,92.596,42.545,76.055,15.988,99.491,98.204,10.481,18.223,21.764,2.968,52.816,34.172,43.442,53.638,77.536,57.812,60.975,98.584,83.429,7.979,94.526,33.656,1.136,82.107,73.789,61.72,91.692,96.607,72.014,63.028,16.692,10.537,46.801,4.699,31.562,56.027,42.523,42.296,20.773,82.311,37.367,62.8,65.699,74.451,53.846,2.067,72.191,96.118,1.189,83.613,31.842,12.654,39.456,74.613,12.154,57.567,78.726,7.982,24.862,85.765,12.565,57.351,47.431,13.44,86.614,34.956,24.335,42.659,57.397,69.008,32.809,53.501,10.106,50.229,12.302,28.341,6.1,13.563,21.218,46.104,40.046,90.578,93.267,79.507,53.093,20.564,75.753,13.986,43.987,21.703,34.868,72.062,40.094,24.535,35.323,79.848,6.035,0.711,33.386,32.176,87.382,75.128,97.099,9.035,63.287,29.19,66.566,8.595,33.431,38.583,37.557,58.478,56.81,35.707,78.985,11.569,37.983,24.61,95.652,61.344,66.002,83.832,91.101,47.154,18.171,2.817,15.841,59.45,99.677,65.016,40.986,34.312,24.937,17.709,8.221,80.724,25.642,81.7,68.296,7.654,89.33,62.345,69.657,95.89,32.333,89.164,33.476,87.219,63.481,29.961,82.824,4.285,37.33,12.444,18.891,56.022,0.122,49.041,21.399,26.406,48.661,20.853,13.432,85.722,87.236,26.33,25.916,27.059,11.606,75.498,22.992,31.699,21.141,2.161,41.176,79.729,41.839,40.213,69.517,86.056,65.928,60.681,96.519,91.987,56.967,17.313,53.658,85.82,93.848,50.915,76.526,87.117,75.44,35.06,85.568,23.713,83.143,32.865,74.862,45.367,84.586,12.329,26.588,19.655,64.18,42.482,55.28,55.995,11.982,10.566,38.375,83.21,27.099,72.084,82.9,20.31,94.711,59.065,76.001,90.115,50.726,20.555,46.989,65.19,35.914,51.197,73.23,21.445,28.396,47.49,1.392,25.107,23.255,0.843,1.246,91.314,94.208,34.911,51.265,63.692,41.913,2.319,54.495,39.59,34.868,78.752,96.989,92.383,6.782,84.738,86.236,23.264,8.499,3.485,65.237,45.021,13.395,26.853,27.95,1.968,70.728,49.475,59.157,70.415,9.97,21.509,27.072,99.783,24.02,55.084,7.528,62.138,71.459,30.957,95.475,92.36,14.42,27.705,95.212,2.816,73.019,55.802,15.102,38.977,25.576,93.33,40.687,18.333,37.319,99.186,84.198,79.345,18.552,1.399,83.238,69.39,67.345,17.239,9.968,53.357,62.186,3.545,30.548,52.584,9.922,38.148,5.026,1.2,54.616,44.865,65.28,5.609,0
77.904,3.18,33.522,79.242,39.092,80.259,72.144,7.008,36.039,40.927,54.37,3.118,33.896,47.58,31.299,5.993,49.493,13.656,95.531,56.309,1.232,79.853,21.619,46.148,18.951,77.869,65.435,17.167,9.352,20.419,81.3,56.637,74.324,47.261,7.557,38.985,14.254,11.995,80.426,25.389,87.014,70.995,27.933,40.751,11.187,49.598,56.948,54.716,99.281,6.84,83.423,45.479,30.639,40.706,98.325,14.47,22.558,30.153,85.683,93.067,13.174,36.055,9.284,39.731,14.407,18.108,91.137,26.988,8.228,95.435,91.386,66.432,1.702,27.16,74.191,44.608,84.257,88.33,37.583,2.26,67.44,42.067,62.551,31.581,22.465,13.055,40.898,65.155,60.268,30.011,55.719,97.051,67.713,27.035,34.495,69.204,58.435,35.076,38.226,13.141,10.63,66.741,31.967,93.014,58.144,84.159,17.073,42.987,88.084,99.337,70.312,73.251,80.233,88.49,25.53,55.6,79.116,90.83,51.37,42.13,21.389,37.937,5.879,0.967,52.552,31.196,25.882,51.117,23.072,82.086,55.749,8.857,56.456,57.189,49.07,61.971,56.725,8.575,30.078,5.035,57.128,72.61,52.909,82.388,89.373,97.449,39.304,96.195,62.533,83.361,78.542,97.965,27.86,26.902,43.705,44.905,95.058,50.417,11.727,57.408,52.778,31.856,43.169,14.803,85.568,16.817,99.787,19.93,72.685,68.632,74.254,86.622,35.928,32.885,87.865,76.136,0.198,2.062,54.854,37.69,79.328,74.378,99.406,45.344,59.374,61.219,0.336,52.109,76.812,56.813,8.998,25.212,40.619,0.265,57.965,85.587,9.235,56.772,74.138,15.227,23.51,68.551,20.154,45.675,83.167,67.325,94.507,57.717,45.983,71.636,4.473,0.891,79.516,33.684,54.333,84.265,8.22,85.457,90.974,42.526,99.997,38.851,4.063,2.306,59.673,84.116,58.949,27.733,21.912,43.456,89.032,72.301,24.432,44.567,92.957,52.339,8.516,9.247,60.413,64.576,69.43,32.973,14.152,57.333,80.486,15.008,1.817,63.592,80.492,66.473,6.841,20.345,76.264,27.773,41.112,44.648,37.506,57.475,59.723,28.338,89.057,27.334,40.442,44.162,71.611,9.549,55.054,26.7,64.396,1.603,13.928,76.999,91.025,68.872,15.221,13.777,22.249,44.674,92.244,28.899,0.113,96.097,39.108,3.368,34.665,88.724,49.688,68.883,90.483,46.757,78.967,35.851,97.094,41.159,15.977,93.055,34.444,45.443,0.842,8.719,61.975,99.249,56.001,13.949,70.122,10.718,11.62,41.867,6.944,17.669,63.155,32.736,56.446,28.686,86.628,39.758,88.337,6.083,60.162,0
5.538,42.647,2.353,8.525,56.156,52.237,45.828,2.962,72.341,74.564,17.578,98.361,12.715,73.501,92.523,42.722,35.085,12.509,65.486,26.449,53.235,37.426,49.776,42.938,75.143,22.439,81.49,89.121,91.345,75.392,31.206,72.541,97.065,30.546,17.77,14.433,43.981,98.758,85.213,29.985,82.522,2.515,62.204,33.29,0.684,49.922,74.352,62.592,20.496,73.189,49.182,14.89,23.488,55.833,42.186,49.117,40.983,16.908,94.02,75.686,74.945,12.622,45.885,95.271,39.424,98.687,50.939,84.73,70.359,38.743,35.108,69.879,40.019,15.264,13.002,98.357,95.639,62.14,44.193,99.779,85.23,44.2,85.626,26.956,62.355,47.33,82.987,66.239,57.818,63.911,36.161,3.65,97.497,10.885,51.026,50.06,48.337,30.134,14.557,23.529,86.409,81.17,30.76,30.724,41.928,73.892,37.84,15.236,11.046,8.688,79.063,43.282,25.278,73.825,35.628,35.692,57.483,17.207,96.99,65.992,27.641,28.305,81.836,76.641,10.108,71.026,49.306,19.556,55.043,53.12,46.36,0.252,66.869,23.35,22.535,67.717,78.896,50.044,86.4,80.629,72.402,52.824,27.723,80.137,53.684,99.307,40.515,86.617,1.829,84.674,81.656,99.296,18.174,16.1,87.816,31.1,65.651,27.897,80.215,18.649,86.319,11.846,40.145,31.096,74.397,52.789,0.419,94.597,49.667,10.048,72.998,87.23,38.505,98.745,20.264,6.248,69.887,10.503,44.672,82.807,62.29,91.242,4.95,8.947,27.602,93.836,20.986,91.898,47.484,11.678,10.694,68.986,74.754,58.969,46.663,65.223,41.494,78.067,10.496,63.034,38.795,92.731,76.056,93.991,68.374,61.684,75.126,5.093,50.733,9.852,64.801,84.54,63.613,82.148,32.866,36.466,0.943,12.048,20.603,43.755,22.346,53.011,70.617,2.263,92.262,55.811,67.6,83.712,52.259,0.346,13.76,46.798,76.045,71.506,46.795,94.549,10.578,2.749,69.026,11.107,61.557,97.595,15.463,89.376,67.685,87.912,58.808,98.784,25.131,49.041,12.061,19.797,33.885,22.669,44.741,41.923,86.329,89.967,0.697,79.827,54.703,67.374,71.632,36.634,35.19,86.713,50.05,1.473,65.133,66.913,29.316,79.84,13.495,87.634,96.401,16.227,82.424,39.07,3.805,99.331,60.246,76.342,55.149,84.692,25.958,66.638,1.992,80.085,68.224,35.651,43.693,69.009,24.591,84.97,91.439,36.468,74.857,87.747,14.204,32.185,73.58,83.873,89.465,82.345,38.84,0.441,92.774,21.759,36.398,97.923,95.499,64.878,76.684,89.279,15.654,84.853,70.282,69.484,62.0,0
57.789,28.856,85.528,50.339,22.039,1.022,91.287,73.859,60.069,80.949,81.405,31.639,22.863,14.736,36.83,7.127,47.627,36.473,80.754,55.005,38.813,29.08,71.292,24.507,66.775,93.572,86.25,23.267,54.995,9.347,32.585,82.019,88.046,27.614,49.867,25.958,99.363,49.058,82.026,58.521,42.449,95.916,32.006,24.678,33.696,74.446,91.439,11.117,54.601,7.636,44.904,49.268,80.718,13.399,59.228,76.508,49.775,9.846,36.228,15.476,85.408,63.949,76.243,81.21,46.186,22.708,38.335,15.351,78.677,43.513,73.815,99.078,77.17,42.285,46.258,14.135,35.81,44.154,2.732,20.357,82.691,46.385,36.165,80.551,75.47,48.068,99.491,75.264,48.115,72.266,21.651,48.668,30.69,22.827,1.595,18.571,44.23,82.134,84.054,50.325,32.432,45.902,18.107,4.981,56.262,33.233,77.058,39.443,52.808,98.127,89.35,18.594,51.619,30.026,4.569,41.662,25.067,1.029,65.27,37.725,20.687,47.823,6.76,83.483,20.653,33.826,72.663,96.69,40.089,41.757,13.836,60.374,21.789,52.901,72.204,83.59,60.738,40.644,67.182,3.021,26.325,91.852,52.332,39.338,67.942,17.636,69.392,78.017,77.742,25.971,34.685,2.54,52.483,83.424,77.2,47.427,57.771,74.22,95.699,32.737,85.375,42.906,25.737,0.883,19.185,65.624,32.167,45.023,73.675,50.019,88.184,49.981,33.9,25.469,43.633,7.697,70.446,2.762,83.117,52.697,14.716,18.093,21.006,40.244,83.729,45.544,20.624,5.964,17.606,94.369,14.723,10.329,76.158,83.592,83.013,65.125,49.01,60.675,96.871,10.661,16.438,77.944,15.761,88.304,37.195,28.895,83.715,40.415,55.346,3.238,17.572,10.357,42.483,57.858,20.733,85.648,17.917,2.959,18.018,41.321,96.108,56.864,54.959,9.566,97.93,26.614,67.861,26.864,82.883,6.055,54.637,86.835,45.058,88.354,75.947,92.159,80.622,8.039,92.385,44.565,77.853,88.817,68.525,94.136,29.121,19.828,18.475,83.513,18.354,91.682,37.674,22.388,11.313,80.834,15.991,27.864,44.36,97.889,91.588,0.533,22.229,56.282,74.143,75.623,32.51,6.087,88.098,61.578,61.275,98.664,32.505,69.888,21.898,60.471,12.722,70.071,99.131,49.326,54.092,8.701,89.481,11.787,38.762,34.806,4.776,97.494,56.321,42.924,12.544,43.045,41.978,39.513,33.113,17.165,86.301,55.296,30.372,97.723,58.811,26.477,74.892,58.638,2.339,72.279,50.567,54.613,30.135,0.279,74.818,99.372,75.354,84.649,2.17,4.459,1.023,71.487,10.328,95.983,84.444,0
16.59,77.165,90.412,77.663,94.45,88.212,23.82,3.257,25.905,57.242,3.459,22.517,89.875,34.85,19.243,20.629,0.656,16.777,35.752,4.074,80.959,90.587,80.536,34.405,97.343,11.352,88.474,22.624,33.764,32.856,71.791,89.746,22.604,40.482,50.429,55.438,56.026,69.514,20.815,19.364,77.576,19.275,16.22,84.98,39.411,16.321,42.675,0.724,53.74,34.682,74.662,53.837,64.511,12.245,83.165,78.866,75.266,9.047,87.97,5.753,78.008,75.136,39.282,90.767,61.173,61.479,95.138,11.79,24.273,49.641,19.809,48.112,30.899,37.17,16.005,90.641,38.393,59.53,86.696,64.092,56.636,90.169,34.19,98.598,9.779,13.244,39.552,7.601,22.908,48.162,23.212,40.078,94.415,85.497,27.407,31.85,66.778,50.87,91.781,25.187,10.289,90.571,70.122,89.036,42.572,44.857,76.645,2.645,57.108,15.834,74.183,53.305,26.858,87.456,27.048,19.105,70.515,6.279,69.108,86.006,35.463,31.78,27.091,71.98,13.957,58.189,10.507,23.776,84.132,51.742,44.162,91.733,46.1,13.966,46.614,97.382,37.436,74.125,85.997,15.333,9.342,54.526,70.82,25.437,79.79,32.134,93.177,79.122,59.07,73.595,96.913,30.251,54.273,49.264,43.142,63.405,82.951,19.827,20.897,23.448,17.016,58.957,55.819,35.429,35.797,61.751,5.716,34.029,71.641,66.551,96.004,27.494,88.342,33.354,50.346,78.439,73.524,53.04,82.954,54.149,97.266,32.064,43.724,79.373,13.498,78.854,1.799,50.792,39.79,12.533,58.45,16.828,30.514,21.671,78.014,87.49,73.711,8.015,58.56,16.877,15.902,18.357,35.036,75.498,53.328,35.267,79.581,93.383,40.574,75.693,98.886,44.722,55.247,18.87,76.048,88.081,64.612,9.064,94.576,79.292,24.568,27.353,28.747,57.34,59.402,78.806,60.548,65.512,39.442,83.148,44.338,13.438,39.85,26.228,83.104,34.269,83.914,96.287,36.131,19.421,6.675,83.595,64.702,1.876,23.16,7.487,73.732,8.44,21.961,37.074,20.079,61.919,13.447,29.788,46.368,8.684,59.189,38.232,0.579,4.678,96.509,93.176,14.357,48.585,3.727,39.997,40.023,92.347,74.836,83.095,5.489,97.562,87.031,39.092,21.839,52.572,93.939,1.032,57.244,22.827,17.346,27.138,9.013,82.616,65.903,85.739,67.33,20.559,86.735,19.823,41.037,1.243,93.686,61.722,28.311,9.315,43.527,13.722,20.005,9.914,34.897,89.993,28.771,91.539,19.663,17.868,46.987,89.476,52.336,47.661,42.022,91.859,3.165,85.865,20.843,25.101,29.232,62.368,4.5,1
88.0,80.885,47.338,85.835,10.009,55.048,1.977,8.654,84.623,61.972,56.463,17.244,69.733,4.118,16.87,56.036,44.53,26.661,26.732,76.858,16.822,26.867,42.84,33.524,19.637,82.391,57.26,44.864,76.086,1.078,35.894,29.342,53.607,74.536,37.85,76.107,41.802,56.782,28.087,46.761,19.786,43.387,70.61,6.322,1.209,95.728,59.562,22.714,87.44,62.582,31.295,74.192,26.792,9.137,72.611,23.446,78.023,60.341,83.523,3.25,78.101,47.696,7.765,67.196,4.991,48.873,64.754,41.057,9.386,22.213,50.519,90.653,26.192,21.228,5.123,72.774,8.235,75.244,84.324,96.302,35.14,41.564,89.61,84.908,13.137,87.684,75.502,40.413,92.462,90.133,78.215,36.774,29.693,69.401,51.947,81.648,74.654,57.125,93.838,14.915,47.538,69.578,57.686,11.0,77.707,30.807,4.101,45.442,84.126,56.21,2.043,97.629,36.334,75.29,42.84,33.746,3.65,70.589,44.421,91.485,59.214,24.565,2.705,48.305,44.003,21.099,81.742,47.1,79.146,90.476,54.799,13.564,73.49,42.063,88.785,47.537,57.464,28.121,8.128,1.614,51.19,50.809,50.707,32.91,50.238,32.949,59.779,82.645,38.721,75.143,57.264,20.435,67.974,16.916,51.504,61.792,84.782,75.594,98.741,2.407,84.383,79.882,63.768,84.816,84.384,63.68,57.1,13.9,11.795,45.541,26.236,85.645,42.259,70.016,7.775,86.432,68.279,44.278,40.713,20.593,83.894,76.254,40.222,16.286,93.093,67.617,87.966,47.457,94.351,58.022,17.731,83.698,83.931,8.009,99.52,81.64,93.049,49.054,56.185,41.868,32.286,88.357,20.407,80.428,46.365,45.754,91.442,0.608,42.289,83.046,61.075,17.162,58.731,15.774,20.625,69.546,53.556,95.368,23.442,88.428,67.457,23.741,32.683,68.709,63.973,69.233,11.295,35.879,56.558,97.839,44.964,99.388,59.881,6.351,33.998,53.861,18.985,36.786,99.623,53.05,95.859,27.155,56.141,51.263,77.577,65.869,24.536,5.43,14.67,87.157,67.829,74.038,46.591,53.878,41.429,50.2,92.742,38.636,37.691,64.089,66.332,67.78,34.374,64.52,57.99,75.561,90.293,5.181,37.961,85.091,88.248,58.092,72.271,14.192,84.992,51.1,32.857,19.971,44.877,4.638,47.595,93.692,97.733,41.227,29.834,44.627,4.792,3.109,62.91,3.145,64.062,86.617,85.9,45.426,40.211,52.869,60.064,41.462,17.385,87.012,29.598,29.915,52.658,75.227,3.019,85.066,45.764,51.634,65.977,96.594,95.141,18.385,64.685,63.135,8.882,41.895,0.218,93.706,68.542,1
85.858,17.149,47.225,39.191,1.556,3.309,13.347,1.674,62.49,45.629,63.56,80.446,99.427,42.128,67.252,88.236,28.061,21.834,80.307,38.149,65.096,64.193,33.401,52.192,82.132,48.455,0.587,17.864,73.578,29.524,66.192,65.775,29.826,65.763,37.393,40.782,1.857,9.002,92.603,95.682,45.853,24.864,18.264,90.947,56.988,40.507,81.636,70.422,24.993,37.672,76.105,0.077,91.829,29.364,37.543,13.296,76.486,68.971,4.203,35.486,69.84,42.491,50.123,7.916,53.279,43.962,36.722,94.163,67.967,97.09,87.37,82.707,27.198,87.718,51.002,14.687,35.228,71.685,45.177,49.841,51.777,27.645,71.23,41.111,99.906,96.073,23.082,3.844,40.323,46.359,77.546,97.016,40.775,58.531,12.935,58.148,56.695,48.46,91.137,88.747,90.508,13.489,5.05,25.657,60.483,38.695,16.579,41.073,61.988,1.108,41.695,7.267,45.37,93.142,58.341,17.692,89.254,37.696,98.527,90.868,94.798,65.73,15.432,91.481,60.32,95.135,54.816,21.534,75.15,73.48,86.516,39.982,51.477,71.012,45.094,18.729,91.636,43.383,30.111,24.706,52.519,4.886,94.753,80.748,89.521,81.31,9.565,20.014,52.788,18.96,76.444,8.464,99.104,40.245,2.933,89.68,28.959,4.967,97.889,69.84,92.995,14.679,61.694,74.699,6.734,79.241,74.119,66.133,85.291,87.072,73.109,56.402,21.773,11.821,20.413,81.153,49.571,15.231,63.557,54.356,13.24,59.144,54.015,64.443,83.282,38.374,15.977,78.59,93.982,13.543,90.859,32.951,96.962,64.896,5.561,18.265,33.683,23.213,57.023,48.448,42.663,60.863,80.04,62.239,26.102,90.574,40.068,91.537,56.839,97.676,77.679,92.122,97.9,3.396,98.774,37.002,53.395,87.935,8.518,65.888,24.6,93.524,44.857,40.849,10.05,52.619,57.187,97.817,15.294,76.448,91.535,64.196,77.124,84.957,0.673,24.791,93.938,49.075,12.052,16.337,22.554,7.254,19.417,66.048,31.575,40.47,1.273,49.62,49.587,64.236,7.327,99.058,34.961,22.576,8.616,57.56,66.324,96.6,14.661,33.353,62.201,83.583,59.762,7.098,19.828,48.428,20.997,4.031,29.827,18.385,29.392,99.631,27.506,44.855,54.995,0.009,27.093,43.125,44.393,95.877,41.598,12.867,22.549,98.645,92.3,88.485,69.183,47.044,32.135,77.739,60.83,78.643,62.987,97.746,68.806,85.333,97.499,8.983,69.508,96.101,16.646,53.821,34.711,26.798,38.353,97.16,3.704,81.394,55.834,35.402,0.146,34.632,74.199,72.892,80.776,32.096,83.517,26.057,71.831,1
66.908,24.888,66.641,92.183,4.689,49.19,47.279,5.058,1.131,24.583,82.887,1.26,31.148,89.279,11.723,27.629,1.837,76.114,60.421,78.846,54.593,17.821,80.427,2.413,20.901,38.262,76.895,76.718,73.842,3.991,51.374,91.534,54.399,39.934,94.852,62.834,69.337,2.104,44.482,54.048,15.155,32.17,60.808,33.795,97.083,38.214,69.205,70.929,20.665,20.372,23.673,72.083,13.215,5.549,18.987,98.545,29.998,85.0,50.314,50.723,5.342,76.862,43.2,4.257,71.983,60.512,48.297,96.882,59.658,4.103,67.95,11.748,69.929,9.266,83.91,82.232,62.92,97.908,86.565,7.886,19.969,85.616,14.526,38.98,10.026,33.529,27.568,33.85,4.705,16.301,39.934,18.647,11.93,59.4,40.328,29.527,45.482,68.374,98.779,14.674,31.354,60.062,47.038,0.701,47.741,27.264,71.117,29.627,72.641,95.858,5.671,53.182,89.171,77.258,91.853,89.54,7.993,75.072,28.928,74.59,82.287,57.229,72.919,57.658,42.122,79.267,80.391,99.78,13.227,40.745,24.82,70.312,57.622,92.285,36.33,97.622,13.787,38.437,73.986,30.121,12.974,48.616,55.552,44.842,21.608,38.826,40.128,33.064,81.26,39.337,4.153,39.581,43.397,0.836,4.402,73.093,88.71,8.773,63.329,26.598,0.801,54.502,12.068,85.958,58.664,59.237,98.844,5.87,74.078,63.909,14.316,13.526,60.831,33.897,68.856,76.739,46.007,37.103,46.749,59.746,23.127,11.211,64.927,18.667,39.242,4.954,71.661,43.038,13.305,96.701,34.882,81.473,49.3,29.528,32.168,81.132,98.148,59.054,13.706,31.902,74.717,96.264,28.152,28.531,32.938,51.379,12.436,1.629,56.106,71.837,59.524,34.786,35.039,21.136,88.632,84.527,76.209,39.814,40.614,86.696,59.712,68.583,14.941,49.332,49.504,31.49,40.74,1.207,96.951,40.839,81.086,84.036,30.96,42.306,44.764,29.633,86.369,15.426,42.16,92.151,1.604,19.674,79.978,6.289,50.397,2.717,37.446,19.905,0.437,44.122,67.939,63.481,9.017,49.705,9.389,42.325,34.686,44.004,6.184,12.895,25.566,7.505,24.529,32.64,44.234,26.535,70.966,96.863,73.192,36.537,9.707,81.165,69.44,98.751,46.754,5.441,72.268,12.311,93.358,7.995,64.299,52.471,57.558,39.786,96.442,93.673,84.761,40.462,21.481,33.01,88.517,55.373,19.481,32.227,60.727,26.384,67.055,46.001,54.694,0.692,68.666,4.918,18.574,24.289,74.609,47.827,47.405,73.104,54.206,24.436,0.598,64.239,56.366,16.394,60.347,43.249,24.19,18.965,81.738,1
21.27,68.261,21.033,99.829,40.487,25.908,18.604,56.067,13.337,24.007,16.387,39.478,80.389,96.415,37.606,85.947,65.274,25.829,43.93,91.845,62.195,70.911,22.383,53.492,33.815,14.069,13.666,68.601,2.169,9.392,68.874,0.013,42.328,18.89,76.115,17.519,27.89,13.83,96.153,49.464,7.06,59.099,14.935,60.811,79.97,48.327,81.988,86.202,32.826,26.873,34.21,89.67,5.758,92.598,32.361,56.839,60.935,6.944,55.111,22.114,2.945,71.662,39.335,28.435,24.585,67.343,18.431,75.837,99.29,72.471,15.055,12.828,44.94,46.686,20.375,7.543,88.67,50.623,96.009,95.494,40.181,29.874,47.814,92.551,44.295,20.734,36.151,23.804,79.757,33.506,31.319,62.39,79.615,13.527,28.766,72.793,3.759,47.292,70.806,72.792,13.228,49.606,1.85,64.8,43.433,78.15,36.682,16.7,45.344,13.772,56.917,0.242,92.595,83.041,1.379,4.001,70.659,19.091,50.836,98.211,63.429,79.386,94.384,88.304,79.546,94.586,72.893,28.272,44.782,31.506,48.57,58.62,10.449,92.531,98.094,69.898,57.073,48.441,57.432,54.168,27.78,99.726,78.959,25.769,91.389,50.609,3.438,74.009,88.874,81.387,1.421,28.21,70.22,66.184,14.292,41.695,87.239,29.66,12.756,74.53,97.536,25.726,38.101,13.076,15.695,54.805,70.389,88.052,80.558,7.463,86.702,10.433,61.592,56.238,33.943,25.148,0.408,7.323,68.506,43.694,69.901,91.921,16.335,90.962,81.662,97.217,70.32,30.419,49.771,17.262,88.95,63.697,34.101,71.513,74.652,69.608,6.421,51.339,50.119,14.134,96.519,20.503,52.586,54.604,48.308,32.983,54.666,84.782,6.739,52.216,38.442,7.703,73.129,69.791,25.542,64.243,40.081,46.754,97.954,59.946,97.247,96.854,39.142,75.304,32.457,42.838,44.382,26.934,77.504,38.682,88.359,54.158,97.107,85.632,85.808,44.477,20.133,80.398,5.07,54.3,57.393,14.071,8.367,40.078,0.741,41.869,35.633,31.866,44.962,50.657,95.108,33.054,66.551,52.274,39.86,32.778,75.865,88.847,35.207,99.12,17.215,47.026,27.46,0.685,38.641,44.641,52.102,80.929,80.836,85.584,29.117,5.749,7.129,38.261,25.535,10.651,17.513,25.669,30.254,6.871,51.229,61.162,93.295,0.494,80.168,83.319,20.159,40.654,53.441,42.58,51.256,23.338,31.828,46.995,4.19,6.352,1.988,24.515,19.399,88.19,29.83,93.661,15.388,21.216,64.299,6.076,4.522,69.369,73.132,54.056,73.588,22.334,98.312,77.686,27.798,6.916,26.911,57.839,58.388,1
63.797,82.367,47.563,48.479,84.463,82.127,57.586,48.698,84.07,33.664,15.286,26.873,20.974,38.924,27.03,1.318,31.777,4.224,20.464,75.351,37.764,69.13,29.916,50.944,98.367,57.304,49.827,63.916,22.277,25.121,1.884,33.678,82.839,76.127,4.516,65.786,43.22,16.859,61.699,27.026,65.067,80.874,4.43,23.327,9.002,91.135,60.046,76.271,33.212,28.037,84.153,1.756,19.121,31.218,4.087,9.637,74.41,66.499,47.116,53.259,46.028,60.966,95.567,11.368,30.876,51.349,42.536,26.73,90.905,52.268,15.897,0.369,52.198,72.391,83.91,32.0,64.139,87.379,69.633,80.598,27.645,57.055,15.917,64.67,21.978,97.107,42.936,73.683,36.059,54.864,71.643,75.674,16.575,41.999,48.057,92.809,20.979,84.931,44.345,69.979,38.395,18.179,59.036,65.72,64.224,68.138,37.153,98.173,52.963,89.352,76.436,46.874,50.065,29.49,14.668,38.148,36.181,33.989,31.241,62.286,59.372,2.34,42.041,15.276,13.352,72.493,22.006,47.376,45.031,50.259,57.927,98.07,88.39,22.8,67.931,57.321,3.591,81.255,76.291,42.841,82.392,87.292,71.447,62.769,44.802,67.11,55.219,80.992,98.443,58.092,70.327,7.06,79.106,42.072,31.396,20.253,52.483,98.883,87.853,54.465,62.432,3.979,45.243,21.013,51.419,35.274,6.48,49.411,5.808,58.103,36.959,98.757,76.211,62.719,16.765,82.677,21.01,26.357,51.173,41.102,52.512,86.124,95.948,68.525,39.859,15.094,59.368,68.126,18.041,93.565,78.635,60.263,63.203,33.374,8.822,87.849,54.682,15.469,56.707,78.911,52.299,38.697,65.566,76.242,51.074,13.382,80.842,64.886,48.845,91.541,38.802,76.043,96.572,3.665,11.842,45.468,13.196,48.105,14.673,55.484,38.762,60.67,23.097,27.49,70.644,66.275,84.954,66.135,60.747,45.412,4.622,71.385,4.424,49.083,46.024,61.418,86.225,78.294,86.503,99.654,19.101,35.431,44.609,80.037,44.226,73.974,76.594,83.986,65.82,87.985,10.015,32.927,63.213,68.135,76.763,43.998,90.507,35.748,64.371,52.48,61.787,67.55,73.915,51.658,71.091,28.016,4.471,36.764,50.91,20.924,97.186,31.136,30.857,48.34,5.141,91.975,10.24,15.238,22.682,64.818,32.27,4.922,40.06,99.048,11.383,62.779,39.354,93.439,53.382,7.465,3.747,63.887,87.834,45.033,44.641,5.344,88.248,23.212,97.352,80.43,62.756,35.716,51.238,26.34,97.633,57.45,29.344,91.498,98.968,81.94,42.326,85.622,95.378,81.44,6.639,21.793,13.471,31.93,21.863,1
50.603,20.831,11.903,58.229,49.822,45.301,91.7,60.142,70.33,14.73,43.918,10.446,39.35,55.956,74.304,71.067,13.671,82.987,33.143,36.829,70.522,30.43,16.368,82.165,22.664,30.009,37.592,99.267,37.285,54.999,62.683,25.429,24.744,43.286,38.906,94.673,91.038,29.989,79.471,84.656,70.902,38.878,72.716,34.538,63.219,35.674,28.344,8.233,62.711,26.773,93.189,92.909,11.49,6.364,0.294,1.313,16.156,16.558,51.362,9.404,56.454,7.181,83.413,28.668,99.843,22.793,76.321,83.778,66.765,38.66,88.936,70.523,25.515,56.245,69.399,81.086,28.78,73.594,12.846,81.036,85.943,53.601,28.862,63.692,24.136,20.128,93.424,81.191,42.475,85.274,34.788,93.282,2.957,72.601,58.514,70.708,18.716,55.783,18.861,37.711,45.968,59.978,37.755,41.549,43.551,7.796,13.955,31.345,39.416,24.051,17.39,95.013,3.207,79.343,83.829,13.364,69.895,22.018,61.372,54.422,7.237,98.857,72.52,97.195,55.373,89.11,48.822,61.72,1.615,47.435,45.234,7.217,14.972,30.443,81.425,12.03,29.377,61.678,21.129,77.686,35.046,45.792,85.147,90.797,43.428,30.717,86.855,37.689,5.255,54.959,24.633,75.161,37.961,6.648,58.456,75.044,73.506,64.285,89.363,63.371,35.602,75.793,63.936,48.597,43.867,85.081,26.271,9.268,60.786,2.633,92.729,96.875,91.925,54.757,0.248,17.89,80.158,34.328,72.861,97.877,83.174,78.18,27.109,28.855,68.335,87.5,39.933,14.068,53.345,53.594,57.266,30.069,75.503,95.67,6.61,92.515,27.599,73.122,69.576,37.379,48.22,58.026,19.797,35.76,11.446,69.668,58.836,52.598,46.656,82.39,21.366,13.401,68.82,28.951,58.316,28.541,44.081,65.063,42.493,51.383,5.177,52.834,37.398,5.16,9.991,69.671,48.042,24.321,31.202,58.23,32.457,93.832,25.017,43.313,53.486,17.083,10.388,80.019,48.589,54.85,54.879,9.732,61.514,40.539,52.451,42.324,12.887,76.099,83.895,40.655,54.792,83.785,14.279,42.781,57.819,19.792,92.45,72.149,37.229,26.328,70.673,19.618,40.424,5.279,19.524,18.502,50.22,87.428,97.681,69.138,33.514,69.537,67.528,91.551,13.811,28.831,9.558,28.928,15.34,40.372,48.04,10.31,7.539,31.976,58.882,14.167,9.545,85.992,42.441,24.985,84.88,51.931,12.872,85.288,27.788,3.151,31.952,86.906,58.711,18.419,17.61,37.244,13.984,2.753,96.088,73.916,75.751,85.034,11.387,20.773,53.419,20.908,57.588,19.244,64.174,36.362,51.702,95.536,11.674,0
15.832,73.294,25.416,83.24,41.172,28.331,12.624,30.428,50.06,29.84,80.416,60.941,42.82,0.498,26.371,51.2,42.94,26.762,74.542,72.968,58.334,35.661,43.727,45.382,67.002,62.51,86.697,24.25,66.187,55.015,62.509,17.735,47.19,23.205,40.477,77.44,33.461,17.756,38.365,95.982,37.093,33.252,84.706,26.751,76.403,39.009,15.771,78.753,87.234,51.09,61.959,41.656,30.015,26.66,78.276,36.947,24.921,84.9,69.797,15.925,87.816,77.745,94.897,92.38,39.381,71.968,66.692,33.806,56.119,69.874,69.971,40.772,76.189,88.07,57.659,88.823,74.794,15.41,20.255,91.078,75.498,38.826,92.378,15.073,10.326,47.482,15.665,45.767,64.486,93.401,95.09,74.495,54.705,22.461,27.145,94.019,28.662,54.853,50.021,42.917,66.876,2.613,78.479,39.33,53.84,29.604,47.039,63.892,61.591,75.205,75.892,78.733,7.716,9.618,86.044,67.381,50.009,10.151,89.694,51.527,19.673,46.19,2.923,2.312,80.64,47.398,37.954,47.153,16.605,83.01,0.407,9.542,53.631,42.361,48.197,55.389,71.158,55.593,13.994,73.192,57.384,11.782,97.921,97.905,39.823,19.646,76.821,78.3,44.202,18.394,64.244,83.833,74.867,99.15,63.283,38.86,70.253,34.447,40.546,91.716,19.125,10.888,13.869,93.075,86.057,58.863,89.928,1.135,39.541,57.266,50.563,66.494,99.348,10.984,64.203,70.252,38.327,29.213,46.016,62.042,45.15,67.223,41.169,88.901,22.42,32.864,60.008,3.286,95.593,10.744,34.99,77.336,2.754,40.135,71.842,56.769,27.211,58.51,76.142,8.13,22.642,27.218,27.19,47.624,66.588,83.323,65.679,20.512,68.565,53.348,10.039,4.559,56.335,79.714,26.53,72.837,95.501,86.498,49.362,21.651,7.391,25.105,54.44,10.373,1.042,28.293,65.445,59.031,65.769,77.166,4.756,31.155,89.896,16.155,91.185,15.052,56.182,88.17,85.322,92.583,40.42,54.429,3.298,96.482,87.617,60.222,24.645,14.438,95.477,76.971,25.782,89.532,93.453,30.236,26.113,15.594,5.991,31.925,7.469,6.138,47.806,98.437,9.617,83.733,92.814,9.969,92.078,38.216,7.984,78.72,9.888,70.189,8.641,49.551,20.328,13.523,70.543,58.297,30.944,84.76,1.622,13.536,90.621,66.901,0.431,97.065,52.075,80.3,8.826,9.202,13.252,53.362,85.108,29.907,13.672,48.458,69.72,77.261,60.757,96.975,47.644,51.008,49.086,29.456,42.87,60.52,23.884,78.862,7.969,91.797,49.932,61.467,11.12,98.587,12.211,57.76,28.627,24.95,15.175,1
28.396,4.789,70.999,8.24,33.552,33.15,41.096,66.346,96.581,18.555,6.643,54.787,81.415,33.714,99.834,17.55,65.599,73.959,89.342,0.202,63.3,28.3,72.066,6.5,70.759,58.375,59.721,61.358,52.06,91.49,35.889,39.043,28.233,57.021,94.964,22.091,5.835,36.924,59.085,62.867,73.047,43.269,34.787,66.341,40.189,36.562,77.83,29.624,14.564,99.052,44.825,72.441,45.568,38.972,13.327,65.341,40.509,2.589,38.278,0.799,2.256,4.283,29.406,99.893,92.098,11.123,22.248,98.683,37.807,64.828,96.102,86.115,26.068,78.745,51.195,77.803,10.261,0.515,96.841,98.047,41.185,54.15,5.899,27.194,97.2,75.97,48.586,53.63,0.771,40.764,19.217,72.012,12.171,87.018,65.96,14.001,14.283,14.808,17.499,15.502,1.317,27.772,32.674,15.554,19.26,99.992,59.106,29.716,0.129,9.227,72.629,55.424,45.237,80.253,22.817,88.991,10.178,11.546,24.627,66.701,82.604,94.569,31.442,31.868,77.977,44.3,14.562,76.614,53.061,13.125,82.564,79.155,43.668,11.766,70.021,66.49,95.65,55.652,4.093,75.917,52.419,2.921,92.663,1.719,7.279,89.495,10.233,28.77,86.672,94.322,24.258,7.72,33.292,75.905,78.664,51.054,90.639,92.983,26.264,46.953,40.999,45.413,73.276,62.881,55.06,17.529,64.156,67.413,92.634,22.327,38.553,75.601,49.772,91.273,64.248,96.807,67.369,22.734,55.831,77.311,66.763,9.735,82.391,62.057,90.49,44.463,93.116,90.386,82.202,40.25,57.571,31.894,33.193,32.316,34.448,49.299,37.208,57.217,69.787,2.086,75.956,18.657,89.479,0.066,41.91,96.475,56.644,4.884,29.804,89.386,51.982,80.1,42.915,37.726,72.789,38.851,42.038,24.059,45.235,27.337,44.405,4.323,39.907,14.39,41.437,92.644,41.825,56.014,29.884,89.892,5.859,35.771,63.502,51.203,19.445,72.289,61.597,16.073,61.287,39.777,26.935,45.983,83.736,85.968,18.035,80.271,81.159,53.15,67.531,24.039,14.084,25.053,21.259,51.228,76.679,27.391,45.437,12.602,11.061,33.099,24.66,87.311,60.035,32.763,33.804,45.854,84.584,58.496,2.879,17.412,49.899,80.899,1.495,27.755,36.892,6.143,99.675,21.289,65.716,62.058,33.794,59.978,35.884,93.092,84.832,32.216,53.782,81.043,52.536,22.636,27.953,91.165,13.982,43.508,18.382,88.175,61.724,9.065,15.793,48.537,95.128,60.024,82.922,2.644,8.701,46.401,92.761,17.683,11.922,68.45,59.034,89.985,38.245,20.992,85.844,83.421,39.622,98.62,81.941,0
97.118,12.111,23.063,15.689,4.516,53.164,93.762,35.829,18.495,4.508,9.522,58.504,10.624,23.936,24.352,37.367,22.569,60.42,8.475,6.179,5.813,2.168,70.873,64.803,43.029,37.678,18.421,34.051,71.554,67.702,70.001,6.399,73.996,35.39,59.97,0.246,44.95,99.75,81.19,14.263,0.047,79.392,34.413,80.38,21.72,74.29,8.284,38.507,62.752,46.547,78.184,76.838,28.486,37.684,44.109,28.794,24.506,1.285,74.009,61.494,94.498,35.274,67.768,69.93,10.441,8.028,45.136,49.895,96.92,71.15,33.998,34.46,65.883,64.81,75.967,6.69,2.65,57.55,55.377,82.137,64.8,47.679,5.494,66.218,79.715,62.495,15.588,24.591,67.517,39.079,62.606,67.975,44.18,38.638,82.591,63.261,20.45,24.607,15.117,68.396,12.31,35.574,15.531,86.9,37.855,63.576,72.046,64.712,36.763,22.067,49.798,8.313,84.58,60.627,19.257,4.004,93.896,24.484,83.018,77.291,24.566,75.234,56.46,69.689,87.37,70.304,7.315,14.32,43.735,59.944,62.637,85.146,37.999,20.869,97.09,75.497,53.537,25.785,49.089,55.374,80.145,49.693,34.25,7.158,98.543,89.552,91.935,13.946,9.425,77.894,66.73,3.033,38.784,35.31,70.033,39.292,18.399,44.512,79.302,22.033,88.749,6.361,14.45,18.308,27.965,94.307,22.061,80.78,24.891,95.018,36.543,39.225,93.035,38.59,46.926,41.073,52.893,51.131,58.868,15.974,27.868,80.217,28.798,36.761,12.031,30.683,62.547,31.49,95.857,57.859,97.069,41.881,38.308,92.881,85.875,14.299,67.217,86.637,76.592,75.069,87.582,71.096,17.932,94.466,73.97,70.215,61.389,58.431,21.551,68.481,26.929,13.848,13.099,11.025,43.709,78.258,37.125,0.437,14.734,19.588,89.298,46.147,98.397,68.957,85.46,66.813,69.903,28.687,34.489,49.275,56.724,85.797,13.694,11.622,51.975,69.811,5.194,2.423,23.018,61.096,13.395,29.26,55.55,84.088,94.374,94.75,77.417,19.307,64.511,88.083,69.342,92.646,69.872,26.973,6.403,92.253,48.824,76.594,44.527,39.542,40.7,21.971,14.062,86.289,97.953,52.022,20.046,11.282,98.844,88.328,82.544,2.707,94.915,4.901,88.812,67.589,29.218,91.811,12.65,81.711,77.323,86.968,20.354,99.285,21.252,84.912,67.57,38.103,94.7,50.951,93.85,69.134,60.525,49.877,74.007,8.579,20.685,0.873,33.557,67.718,60.659,28.604,43.487,91.598,13.308,56.229,37.047,41.931,56.826,83.394,11.372,18.78,26.155,36.959,86.717,90.81,93.053,37.42,82.487,0
7.745,89.892,29.177,10.972,34.498,89.963,71.54,89.458,64.228,54.089,4.879,95.166,73.375,57.708,75.733,73.53,28.584,63.806,6.125,6.144,24.199,34.857,38.496,50.897,7.585,21.358,33.017,52.244,65.453,27.444,64.573,47.731,45.808,35.226,4.994,4.206,63.916,10.311,40.332,93.14,38.143,44.738,48.706,81.564,54.891,3.609,96.207,60.82,15.477,46.259,91.19,10.271,89.746,52.712,55.875,70.328,48.373,10.283,9.341,36.581,92.784,42.429,79.883,97.777,11.282,56.875,47.002,83.16,43.854,57.914,71.281,20.196,19.921,41.382,47.649,4.168,32.085,2.808,96.965,53.631,37.492,25.558,64.362,6.697,34.778,32.715,70.559,54.543,24.691,95.186,98.739,57.85,59.327,76.108,16.309,15.922,40.018,14.203,46.812,77.678,48.198,55.956,6.654,33.025,81.438,92.903,42.776,48.488,86.901,0.43,87.497,20.239,15.162,51.544,20.451,90.095,46.203,47.899,38.425,59.253,81.112,22.198,31.666,63.797,81.101,71.012,16.461,12.578,51.786,94.339,42.647,96.828,0.442,54.437,81.818,94.138,0.765,91.61,92.386,12.506,72.206,0.797,45.668,82.865,55.557,71.502,16.692,48.378,47.512,45.588,74.69,75.567,12.087,75.996,29.249,31.904,69.329,48.073,50.395,38.994,0.11,60.254,0.862,90.74,14.643,4.805,14.156,85.755,14.081,29.52,29.027,21.661,67.781,5.183,73.886,48.343,82.165,66.222,98.546,9.394,61.904,92.792,71.181,42.719,12.031,57.962,63.09,10.834,36.476,60.991,34.987,39.876,76.967,40.672,4.069,60.94,68.126,52.402,23.453,28.757,26.601,1.747,71.34,15.234,93.617,83.963,94.498,98.641,37.986,71.265,19.628,45.889,20.029,69.456,12.718,8.824,7.594,25.837,98.407,70.342,45.865,36.185,28.451,67.176,42.133,76.226,33.457,78.859,58.674,8.262,94.468,3.714,70.21,4.386,39.697,82.88,15.139,0.891,50.392,13.455,34.865,57.182,20.893,26.165,46.873,33.626,45.571,55.631,85.389,22.066,28.902,50.039,20.702,49.2,8.926,18.689,28.369,40.292,57.013,81.82,38.44,97.03,71.088,92.413,98.495,38.734,28.363,83.175,81.231,2.295,20.767,94.241,94.971,69.267,81.729,40.767,36.487,77.868,14.199,39.285,33.307,85.831,59.224,16.645,72.06,66.981,29.01,3.94,3.438,88.058,67.53,14.125,54.61,66.407,8.636,66.654,37.699,1.747,8.602,2.409,76.569,27.98,82.39,49.551,11.454,95.436,20.292,5.702,64.496,72.549,98.835,32.027,42.081,65.545,21.707,59.827,76.263,89.676,81.182,0
90.707,5.686,3.772,5.242,82.076,58.864,6.597,44.337,11.396,0.355,94.051,85.361,53.169,4.485,52.673,98.24,23.064,69.902,27.868,33.51,88.078,60.014,17.971,68.294,62.164,23.012,92.346,70.628,63.336,41.716,8.852,77.031,39.391,53.379,64.27,51.184,81.077,14.033,13.711,63.519,51.991,34.879,98.414,76.103,30.31,45.886,69.741,25.643,45.8,0.375,34.748,71.781,7.365,82.821,99.787,3.634,34.885,54.848,21.209,77.975,24.451,86.202,43.265,92.987,60.466,61.873,29.022,13.951,55.77,98.744,74.7,13.993,42.219,23.278,99.87,73.345,35.598,2.878,72.847,40.554,48.582,47.894,86.677,50.909,47.872,86.973,12.527,53.077,81.049,21.674,92.684,43.244,52.596,66.48,35.754,8.778,65.474,87.91,78.232,16.147,92.432,17.19,15.892,42.511,43.498,51.472,69.113,1.119,69.924,19.472,64.358,8.563,39.517,81.702,16.901,55.03,64.082,67.598,71.413,96.746,0.068,29.143,58.373,80.842,56.56,10.617,32.346,62.249,48.027,15.229,32.272,60.326,49.601,29.639,54.904,18.796,55.704,95.959,53.22,31.709,92.428,91.846,94.119,29.091,77.321,10.936,94.722,38.753,48.285,58.271,57.166,95.34,13.908,95.727,86.297,86.74,35.092,9.281,53.288,8.028,11.415,97.7,52.558,3.938,87.304,36.106,4.359,71.84,18.364,26.977,70.401,18.095,94.789,56.118,88.899,34.958,46.306,4.979,23.291,1.666,14.13,19.618,12.349,73.109,14.993,63.362,6.381,50.718,83.561,3.613,27.524,57.162,96.904,40.15,64.313,34.463,99.546,16.205,85.098,40.807,21.082,11.907,56.079,38.444,88.644,1.364,95.223,63.894,1.981,13.61,26.168,17.276,38.489,71.059,13.889,70.175,57.422,36.348,46.957,79.261,63.506,99.414,69.729,32.663,88.413,69.038,80.676,76.264,30.508,94.604,96.103,36.748,40.801,77.697,49.604,4.97,38.043,90.322,78.899,36.189,30.393,93.974,21.887,33.031,6.558,38.082,42.914,54.897,53.646,82.272,35.394,87.4,19.863,74.754,26.767,19.83,29.667,74.141,22.864,93.978,35.317,54.703,42.896,16.002,41.649,49.452,43.418,39.164,29.971,31.319,15.426,86.068,81.14,47.276,52.452,0.458,50.789,60.895,24.37,77.314,65.044,77.145,61.008,21.844,82.912,25.182,24.386,97.54,43.062,59.706,33.722,53.557,35.603,76.316,79.045,31.913,5.957,99.453,3.188,17.487,26.914,46.348,73.282,0.819,45.789,28.036,91.777,75.816,75.849,56.714,69.694,44.684,91.468,49.002,14.188,97.211,31.473,63.494,92.209,0
24.169,92.538,6.344,13.771,55.909,35.116,35.435,67.658,68.913,63.603,29.99,34.35,65.793,95.942,9.421,20.972,22.698,6.473,90.886,59.663,77.178,68.666,68.455,82.436,75.06,62.044,83.244,33.061,7.867,72.155,90.565,11.168,23.9,35.259,2.919,99.376,16.687,35.797,88.492,81.712,14.899,43.413,67.564,90.611,80.612,34.395,69.19,52.357,49.591,52.853,55.401,67.69,34.856,34.222,8.025,63.192,43.139,4.098,60.363,90.886,8.082,23.215,9.377,47.664,90.188,30.444,82.88,31.266,68.426,68.864,69.854,92.381,41.788,47.391,54.382,10.765,45.563,24.745,25.018,9.547,84.344,84.586,66.78,83.046,37.455,42.318,72.191,86.949,16.679,42.54,88.297,17.38,42.431,51.37,52.572,51.116,78.354,44.208,15.978,58.916,93.291,42.39,23.404,60.351,43.149,2.018,84.408,92.295,59.771,94.982,43.583,49.407,5.932,33.559,71.228,72.11,82.151,53.985,91.769,12.504,67.718,72.357,44.071,67.67,9.996,17.324,76.059,28.04,22.915,77.54,91.976,53.059,3.848,50.208,85.021,9.045,29.175,15.225,14.525,60.781,24.229,29.778,4.62,67.952,55.298,78.543,23.755,24.632,13.251,36.181,37.109,37.86,18.481,60.963,11.02,33.124,59.047,74.849,62.871,19.408,8.508,85.084,20.312,29.915,43.588,61.504,22.502,79.555,88.66,68.568,85.575,66.447,58.526,48.364,67.82,10.72,1.58,14.708,58.455,94.872,93.613,60.496,38.983,78.226,33.973,6.423,45.191,85.723,50.923,84.185,14.125,61.438,74.364,73.115,48.917,82.01,15.562,9.795,54.994,39.707,89.989,78.685,44.265,67.94,43.515,48.405,77.288,35.898,56.488,68.244,48.732,44.207,29.202,85.044,74.049,84.049,8.098,86.339,5.648,27.416,5.112,80.886,17.758,13.093,64.62,74.24,52.074,56.046,55.495,3.422,21.305,94.013,63.795,88.05,17.01,31.621,39.977,76.123,4.723,64.857,4.752,0.851,78.087,78.868,27.314,68.484,45.924,34.799,62.543,53.647,72.36,24.009,42.396,50.499,4.465,88.867,83.01,66.503,44.641,7.167,87.135,31.357,24.368,28.082,6.011,54.549,15.968,0.292,23.502,65.753,16.906,79.609,17.381,77.095,74.023,68.514,7.68,75.226,38.674,12.156,77.974,41.107,41.534,0.904,53.747,67.674,68.022,64.851,70.141,99.036,73.828,60.023,46.586,51.028,70.643,64.802,42.841,18.419,4.274,35.359,8.079,69.875,9.972,5.035,47.389,0.883,11.414,24.144,56.063,87.136,2.758,65.421,53.313,60.666,10.42,21.669,0.642,37.131,76.475,0
62.222,79.855,30.393,25.954,36.337,60.551,14.177,39.543,33.843,82.27,60.004,45.352,49.852,23.633,44.615,68.436,11.633,75.525,50.103,41.527,14.137,42.566,58.465,40.079,13.447,40.173,82.918,92.367,44.062,21.876,2.526,36.346,20.747,9.845,54.447,85.207,47.783,28.65,99.275,16.587,13.979,68.739,92.763,76.142,28.869,38.078,6.885,29.712,39.098,38.126,49.424,20.479,21.841,29.686,67.998,7.162,45.708,77.914,68.42,17.412,67.094,37.459,29.552,22.676,60.097,99.035,73.712,20.721,92.308,26.193,2.721,25.025,31.319,53.865,56.538,59.316,90.239,92.697,21.645,55.121,77.941,23.133,2.831,54.128,48.642,60.335,64.07,40.156,22.701,84.294,76.551,57.665,18.112,95.209,77.946,70.695,94.804,11.361,64.385,48.255,5.765,32.983,22.305,6.441,90.784,4.988,74.283,68.559,57.901,8.196,45.166,12.828,15.688,47.981,51.859,2.042,53.647,44.635,58.339,98.89,40.048,5.343,82.738,33.467,44.82,61.282,79.006,72.718,65.617,83.263,47.706,28.486,61.43,62.428,5.688,16.123,86.825,10.646,12.424,27.916,85.367,79.053,98.784,35.595,73.777,55.289,53.454,10.201,94.049,96.79,43.267,49.252,63.184,68.471,95.757,70.657,40.638,24.325,99.315,20.012,9.412,59.638,98.107,36.652,35.24,81.798,74.485,75.329,10.336,59.668,60.88,21.792,91.386,50.712,8.868,83.918,21.126,85.295,71.053,64.827,88.706,5.355,53.04,94.776,69.77,11.383,20.718,82.33,49.959,42.602,49.375,18.853,68.327,17.174,38.902,80.248,69.105,42.159,12.053,83.758,7.688,61.392,52.688,26.776,3.663,84.788,31.047,60.205,5.628,47.622,16.334,35.726,29.585,51.589,33.291,22.491,69.484,90.381,82.033,23.442,59.77,58.6,75.85,12.366,48.183,27.845,73.252,60.376,15.413,91.078,77.72,89.198,10.584,80.872,6.974,60.02,73.977,32.267,88.058,6.677,73.905,98.145,94.868,25.406,49.353,42.097,17.95,93.506,81.89,99.146,70.667,40.582,3.732,69.621,39.516,57.145,26.112,25.821,82.481,72.333,55.486,31.834,9.382,38.961,77.598,60.311,0.868,77.181,47.029,39.994,66.148,33.767,95.793,4.614,58.714,69.576,30.585,88.193,57.929,46.481,62.964,91.467,3.211,98.527,61.128,86.624,70.262,46.09,63.605,89.204,32.862,94.571,92.573,41.854,50.822,6.654,20.62,96.299,47.047,93.431,45.282,47.822,13.609,47.882,22.636,29.373,1.121,91.988,30.563,65.046,64.634,73.498,94.51,9.406,61.673,87.956,83.949,22.953,80.938,1
67.371,24.563,73.352,43.388,30.854,1.442,89.156,9.988,79.09,29.019,16.82,76.078,55.275,85.301,15.53,98.525,3.082,69.313,24.465,83.678,36.786,69.771,30.765,41.135,70.155,93.798,11.802,73.584,42.58,6.513,33.636,98.969,0.806,80.271,28.501,30.893,35.155,62.1,62.004,6.495,19.252,3.893,31.105,63.629,30.008,32.479,9.334,63.344,5.58,90.93,17.908,86.008,66.74,82.181,7.06,64.3,31.831,31.952,26.717,74.935,59.363,17.543,63.417,17.45,48.028,71.112,43.278,66.397,99.898,59.995,77.537,56.985,23.373,53.726,9.327,25.005,83.476,62.511,54.177,75.449,60.883,1.624,62.111,23.05,79.399,12.682,65.371,85.866,29.406,37.855,67.335,51.239,18.782,41.011,20.157,29.991,51.739,60.451,95.227,25.735,47.264,10.253,95.707,52.681,43.618,61.229,73.165,50.773,77.605,36.197,28.797,28.428,72.746,17.66,94.378,94.471,55.449,34.353,44.977,20.42,82.119,2.171,86.197,16.309,75.912,55.944,90.342,52.306,62.146,37.322,27.198,98.55,47.96,63.156,0.826,56.932,80.667,60.505,96.017,28.338,20.953,60.094,83.951,47.032,32.814,25.861,12.46,54.945,20.141,3.764,59.192,58.87,27.397,55.048,94.954,21.227,27.477,28.48,72.973,64.506,66.696,51.634,43.364,44.997,53.889,57.939,45.699,40.858,10.649,70.028,85.514,2.225,86.329,85.512,58.424,8.5,26.086,44.031,8.204,2.632,75.872,79.842,26.071,95.14,71.582,94.533,10.263,39.219,82.927,41.883,72.79,0.005,33.871,54.282,50.518,94.368,68.622,38.436,66.219,26.076,88.682,68.309,20.441,69.429,96.966,36.794,88.759,98.338,57.548,32.767,88.294,99.219,27.824,75.947,1.664,33.512,40.896,85.687,57.661,94.839,48.447,31.087,13.571,71.193,90.12,90.124,79.54,43.463,47.163,70.301,58.783,89.951,80.154,12.437,95.897,84.448,33.044,98.034,68.249,24.072,32.373,70.573,49.05,74.457,75.557,87.454,30.085,99.272,7.134,41.127,75.588,51.73,28.752,24.449,74.866,85.945,86.817,67.117,19.586,51.215,22.073,72.009,8.458,76.978,85.015,14.13,54.927,37.737,33.346,96.684,61.039,20.84,75.909,64.27,50.372,36.887,90.655,90.37,48.973,35.028,37.605,47.485,89.153,38.729,41.495,5.161,19.43,42.246,25.373,68.0,21.128,59.513,40.297,78.088,37.752,73.875,24.461,10.495,7.194,96.3,19.618,37.078,67.963,8.878,71.406,74.278,4.782,88.28,83.82,88.591,30.145,86.639,46.098,88.614,17.306,41.348,13.59,24.5,39.241,1
69.662,50.944,90.173,55.427,88.647,48.838,49.59,78.356,96.619,85.869,61.328,68.414,65.006,94.095,83.931,71.286,13.834,35.414,19.026,74.99,78.721,87.818,86.921,96.23,78.401,47.62,46.573,55.757,28.139,26.514,15.03,95.83,48.002,46.725,8.052,59.677,35.073,29.805,7.603,75.438,76.653,65.174,20.796,62.199,5.819,3.232,71.763,57.098,27.776,3.35,40.904,39.843,72.597,15.002,74.487,72.235,34.341,52.533,95.859,33.353,65.723,36.546,34.196,18.029,20.028,67.683,94.149,42.984,3.189,68.354,91.545,76.269,86.17,3.682,46.642,85.547,57.062,7.868,5.993,24.551,30.766,98.96,66.567,82.447,7.78,60.001,76.538,50.186,59.157,39.91,31.436,8.035,54.762,68.285,31.828,21.504,96.166,78.756,27.668,42.639,31.196,30.641,44.868,92.332,51.073,76.411,40.836,48.686,0.006,72.055,73.308,41.161,67.121,85.85,83.389,54.756,14.726,61.411,74.037,71.201,36.886,34.309,60.04,37.493,52.675,61.882,27.623,16.407,23.267,23.156,72.999,57.425,18.594,42.281,28.577,1.735,27.824,48.118,24.197,53.503,17.474,15.557,25.338,35.455,21.628,8.824,38.855,3.223,48.455,45.107,24.364,55.176,83.801,25.333,73.323,50.034,16.766,45.521,86.474,82.761,0.266,32.731,26.246,10.311,93.002,74.63,67.22,91.632,22.593,50.455,64.514,83.83,99.211,53.727,74.772,69.968,85.94,41.362,92.567,86.453,47.907,9.551,9.017,20.356,36.647,50.548,18.79,14.135,51.412,19.56,90.07,97.049,77.245,53.451,7.853,21.004,62.2,52.723,53.796,63.77,69.377,48.896,60.232,34.373,62.262,61.988,80.885,52.251,70.588,67.742,97.347,91.667,97.113,55.4,37.511,36.101,51.883,88.71,86.535,37.679,34.516,62.083,21.513,20.553,85.381,58.76,31.105,76.22,57.194,54.773,71.648,4.105,5.549,19.608,53.287,81.912,86.615,18.908,12.714,60.67,81.643,31.176,15.699,68.914,87.63,57.423,74.456,24.216,76.313,5.202,58.763,92.374,17.339,51.501,15.474,90.46,29.519,99.015,29.572,40.158,19.664,8.385,88.265,35.636,19.578,5.397,6.277,22.346,18.981,80.847,29.683,44.978,53.282,67.172,9.981,4.745,99.982,74.04,36.056,54.903,66.364,31.286,45.662,74.142,70.792,23.738,80.022,32.554,88.635,11.968,55.836,97.375,59.764,9.828,40.661,61.387,90.484,26.69,15.27,41.698,68.444,93.494,91.736,80.369,2.291,97.17,91.772,74.821,98.22,38.054,61.586,1.727,89.517,88.819,84.982,72.671,63.645,16.004,25.006,0
40.45,14.14,82.423,92.506,15.194,8.372,81.055,35.584,63.804,17.05,78.216,83.566,56.848,38.146,14.601,52.908,63.143,49.657,79.963,70.842,74.576,1.112,56.87,13.915,79.965,63.335,93.698,63.355,49.228,76.006,55.127,45.587,70.346,15.79,3.051,96.016,66.101,91.287,26.733,33.96,49.335,12.882,80.506,55.65,93.928,14.475,34.965,29.524,18.627,71.722,4.47,67.689,51.172,92.551,64.252,70.65,14.742,63.175,51.601,1.594,38.01,28.804,2.868,79.129,83.175,26.215,41.851,35.861,30.044,47.711,45.116,80.464,69.259,60.699,34.107,71.802,2.329,87.062,63.456,97.205,58.442,33.048,39.214,68.781,20.424,9.377,38.893,62.7,35.442,80.526,22.056,55.886,53.084,92.675,44.28,88.007,34.759,69.726,91.132,61.334,82.959,7.407,38.935,95.898,41.669,12.798,92.748,84.335,2.303,8.818,9.769,72.692,19.353,38.219,92.21,48.199,58.912,66.541,44.722,88.221,75.367,61.54,21.432,1.668,32.927,75.993,73.028,85.684,52.106,79.764,76.53,72.985,56.012,95.074,56.954,30.804,58.912,75.349,25.962,80.888,73.108,95.703,23.336,44.05,56.079,58.852,88.27,95.731,40.884,21.505,5.63,56.44,72.871,12.609,73.015,49.342,80.783,25.585,51.053,51.707,81.469,52.872,77.022,83.471,33.173,68.877,14.925,89.092,36.756,66.353,66.243,66.355,87.264,15.885,90.623,71.69,90.107,76.014,11.078,21.833,24.547,20.967,43.679,50.995,34.285,53.518,29.803,94.212,42.241,90.665,63.914,50.238,61.081,39.922,32.395,55.166,47.963,26.88,28.073,32.545,57.484,33.472,7.935,35.741,20.067,93.763,32.238,34.461,78.729,32.975,62.851,92.377,70.002,48.854,53.745,45.735,27.643,96.697,6.437,63.611,97.073,38.577,88.732,92.854,42.854,32.323,12.03,74.819,11.782,61.71,49.302,25.717,22.402,61.313,35.559,31.829,76.75,77.865,43.583,88.672,61.138,44.06,59.885,23.758,72.263,91.351,4.982,95.541,35.096,50.432,18.369,83.507,39.6,19.167,3.764,75.86,32.728,47.54,63.93,17.255,28.078,12.625,28.076,54.145,74.511,30.531,66.282,16.739,38.157,55.33,56.773,51.99,25.404,65.491,4.931,8.281,63.377,50.615,3.359,0.811,20.398,90.999,55.355,7.199,85.433,87.047,43.863,24.201,79.456,52.698,40.025,74.687,10.433,34.592,26.121,41.683,1.577,24.505,15.424,39.295,61.505,43.742,85.579,93.139,82.47,40.29,70.052,49.577,4.808,33.276,20.621,92.518,85.257,29.891,57.339,10.709,69.087,71.06,82.101,1
40.877,73.889,92.549,15.356,50.131,73.786,17.071,8.549,88.124,35.742,32.098,88.607,78.467,83.843,21.751,24.59,1.961,49.713,34.018,32.003,13.876,91.419,38.628,41.678,21.754,60.734,39.766,64.135,26.699,74.839,0.253,56.118,77.676,2.238,48.05,34.339,66.63,89.371,69.697,93.816,60.715,6.467,48.327,37.033,15.318,67.759,27.734,9.598,30.682,78.075,33.905,67.218,42.944,27.559,54.15,52.001,67.296,24.454,78.062,33.634,57.036,27.211,44.494,35.05,78.013,58.235,3.67,1.874,32.614,72.528,26.332,79.379,21.025,83.534,22.266,76.584,53.704,65.724,10.185,85.982,80.07,17.472,14.086,0.267,58.226,76.768,85.86,5.377,40.492,94.946,24.099,86.513,34.577,35.994,46.381,12.499,5.095,4.774,12.307,33.303,25.226,45.485,22.872,28.774,96.094,24.039,7.176,89.443,26.241,53.656,13.349,35.24,36.528,96.192,33.677,25.456,22.325,27.036,96.64,63.388,30.902,39.351,32.88,64.87,46.759,61.957,31.407,23.779,14.457,36.672,37.288,55.269,83.399,67.415,58.207,96.797,34.401,74.684,30.141,48.78,92.797,9.772,40.878,4.431,78.741,90.995,77.341,26.249,64.028,77.669,41.054,23.834,74.166,65.52,96.233,30.195,0.188,1.824,10.176,40.045,59.29,97.58,63.36,9.602,72.953,49.27,58.987,72.036,80.664,69.353,97.419,12.449,34.93,31.934,34.005,4.174,71.287,49.931,28.34,71.388,40.242,12.266,2.54,60.848,38.83,1.929,46.012,61.577,3.124,84.638,75.798,43.833,3.527,38.322,57.278,64.621,57.462,48.888,43.248,59.738,94.416,31.26,67.99,39.787,70.364,10.984,79.813,57.83,78.059,66.458,77.065,92.335,42.422,40.18,24.999,99.821,79.059,48.681,24.015,87.919,79.558,70.323,59.435,4.548,5.779,12.809,53.398,21.44,77.909,96.704,23.048,34.541,10.647,19.385,0.73,27.21,4.713,46.81,85.727,16.497,63.525,97.558,22.671,40.519,67.237,22.502,47.978,77.189,56.778,44.163,82.018,6.256,69.45,52.016,2.235,70.359,85.415,89.13,1.1,5.155,45.628,72.092,80.459,77.418,43.695,36.476,81.376,38.983,2.519,17.411,84.98,18.147,99.166,41.508,89.693,47.088,59.13,26.442,77.84,6.831,88.636,86.398,52.309,42.916,58.327,8.846,12.626,12.842,19.612,80.227,7.556,62.662,16.639,86.674,80.51,8.261,10.821,48.923,64.191,56.761,97.845,84.29,81.001,86.515,39.431,75.822,31.847,96.376,62.918,27.285,91.471,70.007,18.086,68.644,31.703,28.641,7.641,52.077,79.729,1
8.533,38.205,45.015,51.121,1.829,33.813,5.794,55.262,64.807,53.987,69.002,21.639,83.75,72.228,51.299,78.032,53.706,89.781,86.196,93.91,26.017,67.076,16.581,94.612,26.104,52.223,19.833,32.364,97.478,89.94,11.129,44.292,54.17,91.142,1.142,0.162,48.168,77.771,92.013,46.871,48.29,73.231,1.057,42.179,66.501,43.549,97.132,23.724,46.503,14.438,60.37,0.258,42.107,48.278,83.834,63.651,18.554,9.381,14.728,28.194,52.355,51.615,56.091,65.677,10.298,38.993,57.43,4.472,88.605,67.129,38.712,29.737,32.851,40.061,61.476,46.727,10.919,61.287,40.128,32.29,90.621,75.273,60.923,2.043,78.463,25.017,79.76,3.319,56.456,70.966,48.654,1.547,29.837,33.629,66.2,11.449,96.133,45.063,5.308,55.231,73.739,37.376,57.387,18.783,99.347,14.22,39.126,95.448,46.237,17.515,96.073,92.227,6.698,24.897,90.133,72.863,78.096,34.093,17.187,79.589,14.06,11.308,57.139,92.922,2.508,70.784,45.55,79.267,51.44,14.156,84.304,60.348,19.899,99.365,54.524,75.601,82.756,19.212,83.92,63.878,0.426,36.209,23.931,80.344,85.128,48.002,33.807,25.372,57.391,77.149,70.602,12.212,87.608,73.44,30.426,90.735,76.516,15.054,54.308,18.94,57.136,36.764,95.151,58.291,48.219,57.819,93.173,33.887,75.837,60.29,9.997,92.895,8.145,48.593,2.683,3.266,41.081,45.19,5.698,57.313,7.371,25.365,93.286,38.199,32.996,96.318,25.337,80.915,76.077,63.12,59.06,20.883,44.822,55.862,11.53,55.735,76.396,40.371,46.479,66.723,85.771,0.939,27.982,31.016,94.174,65.606,71.441,58.712,71.598,67.632,66.83,23.318,8.003,76.256,76.03,4.461,22.58,26.42,79.125,74.842,72.256,45.119,91.241,98.363,89.614,26.403,86.828,11.631,0.032,54.285,89.691,85.879,58.665,70.091,98.322,72.536,21.722,11.707,9.273,34.444,1.953,34.091,28.951,48.365,45.501,77.945,58.368,93.93,81.763,71.812,29.89,47.732,83.196,10.519,5.122,95.336,57.613,39.22,88.111,36.206,67.361,35.109,34.142,14.986,56.527,45.592,16.642,68.312,21.009,50.691,26.836,98.898,2.473,20.322,1.042,50.747,95.664,38.023,85.827,74.164,1.141,43.387,72.356,72.891,18.2,86.55,64.995,86.29,6.768,51.94,93.149,78.179,47.636,62.48,86.23,88.315,89.037,43.903,37.459,4.088,65.425,56.95,89.308,40.627,37.625,49.7,58.926,87.934,80.79,92.28,6.976,78.532,5.517,43.78,23.836,35.759,13.002,59.707,17.239,0
40.687,96.684,65.316,16.793,20.172,23.183,68.441,77.632,5.189,14.31,61.678,92.907,25.223,37.909,78.75,81.44,88.96,83.452,95.193,37.785,98.491,25.859,22.657,91.713,39.883,34.379,13.051,34.102,53.769,39.179,77.853,59.879,9.034,50.585,24.244,71.54,4.856,78.547,86.149,26.49,53.106,82.803,33.633,53.171,77.987,34.064,10.663,96.185,63.175,76.467,52.028,0.981,16.672,35.006,31.102,14.317,80.216,32.398,97.443,41.02,99.336,97.062,36.516,80.071,47.967,85.964,95.12,55.065,63.754,44.663,39.689,67.874,4.204,72.211,95.096,16.878,24.911,7.516,48.054,90.196,9.303,96.884,90.357,56.018,96.446,92.25,95.142,77.569,66.183,53.995,47.198,52.448,48.404,91.969,51.939,20.298,79.758,7.629,80.144,80.557,56.738,79.72,17.368,81.743,47.389,66.653,39.23,30.042,42.711,23.445,76.024,54.19,50.656,47.101,1.939,7.858,4.133,52.707,31.222,68.477,15.006,2.12,68.111,73.062,65.608,0.363,72.316,48.91,29.756,94.712,6.682,27.543,49.829,13.749,86.489,6.815,86.844,26.906,41.505,87.445,31.954,73.972,77.992,35.551,40.575,68.055,44.732,27.577,82.524,22.981,72.131,5.54,53.455,76.7,29.235,54.285,93.885,18.864,1.34,96.76,50.769,49.341,90.209,68.879,21.617,53.491,64.426,42.624,79.562,86.443,33.557,97.782,15.353,13.458,48.543,26.789,66.366,34.224,70.369,62.096,46.03,9.565,4.428,10.686,43.229,60.93,84.702,48.339,13.223,61.743,35.04,57.146,4.622,84.839,15.474,72.382,35.283,23.827,70.503,96.953,44.996,0.375,26.865,64.745,19.77,47.662,34.047,16.153,90.949,34.367,96.467,63.163,37.195,32.271,12.489,42.936,21.101,60.436,44.363,28.242,16.487,1.94,78.756,33.425,93.632,30.27,85.921,99.492,96.317,91.474,29.903,81.07,82.673,58.282,15.845,13.029,60.129,51.713,54.541,69.31,17.782,65.314,95.247,96.785,91.493,72.762,23.563,92.4,43.424,78.94,48.002,88.187,25.788,19.127,30.572,62.966,34.261,30.43,89.674,51.889,16.479,97.449,37.639,47.655,33.756,40.61,71.1,30.739,89.433,86.655,64.759,83.492,61.338,57.135,76.29,22.639,92.81,64.727,64.071,12.536,47.09,86.414,96.101,62.648,72.099,56.762,0.948,6.582,69.9,48.293,47.788,12.744,87.898,40.552,69.452,96.901,83.329,12.589,26.17,15.379,3.305,41.259,59.96,5.305,76.047,71.783,26.843,83.018,97.454,91.237,67.877,14.831,24.173,94.422,11.365,46.011,81.959,39.6,91.144,1
49.134,86.628,42.11,96.966,1.275,1.153,6.578,26.59,91.841,79.719,21.743,32.996,52.749,73.696,44.838,30.617,15.791,53.87,24.236,79.394,76.166,76.197,61.646,68.439,91.159,48.13,47.667,93.424,98.294,24.92,59.513,78.964,16.616,76.915,16.353,30.119,72.859,23.628,32.445,4.271,20.279,60.511,1.59,3.794,97.139,5.56,30.061,45.328,6.755,84.071,31.176,14.565,50.324,24.942,73.755,32.489,25.981,93.834,71.44,28.414,64.13,12.494,61.924,59.869,72.412,74.993,73.471,44.287,36.368,86.308,94.609,22.463,19.645,95.596,68.391,40.025,1.922,31.946,21.201,77.787,58.996,18.322,99.134,34.676,51.338,55.794,22.243,45.667,24.812,79.814,51.094,89.194,24.627,93.425,23.244,34.039,62.907,83.826,20.819,18.079,23.0,31.023,84.513,15.253,75.815,93.34,2.164,57.006,37.431,71.458,45.864,5.496,23.015,4.482,91.585,39.976,12.551,82.15,32.665,81.885,48.747,8.977,94.721,32.427,85.92,5.414,58.776,96.636,63.405,69.826,27.338,15.231,64.763,68.708,29.915,34.089,30.555,7.87,62.065,37.134,37.226,8.76,32.074,51.069,81.266,94.138,77.069,7.537,9.113,24.947,97.725,97.372,34.526,2.132,71.55,22.321,68.858,61.124,25.393,76.209,6.838,71.295,47.045,33.318,49.721,75.645,35.794,94.939,89.414,39.233,79.754,17.368,51.493,64.96,98.066,40.958,1.745,78.383,12.032,41.052,84.538,7.443,66.961,53.645,36.468,94.849,43.258,31.594,0.926,77.91,45.82,93.955,31.266,28.916,5.473,60.711,65.953,50.097,35.85,65.213,59.565,46.058,7.735,18.985,21.577,96.435,2.398,93.327,4.203,76.546,3.794,4.413,91.646,76.529,41.76,9.605,5.006,21.655,14.88,83.106,52.445,55.727,53.795,20.712,28.105,97.381,39.074,11.458,93.827,55.486,11.388,96.689,47.313,53.566,35.231,52.744,68.505,93.26,93.096,4.575,35.052,3.518,59.121,33.407,40.026,55.68,75.866,38.019,17.61,3.427,47.917,15.608,48.828,82.412,72.4,98.352,11.226,66.876,86.48,44.743,63.227,45.81,35.17,28.272,46.611,22.328,72.443,78.107,95.943,22.195,76.865,60.366,95.23,52.043,59.842,62.881,56.969,10.324,25.53,97.694,60.756,20.442,46.145,7.943,38.753,26.344,3.532,43.478,52.686,72.322,44.944,6.838,56.119,76.286,89.322,8.4,30.432,43.111,35.109,60.762,36.544,40.217,99.691,24.894,75.049,50.378,91.611,65.582,20.951,93.2,1.626,3.237,34.949,83.489,34.61,33.128,79.101,24.023,46.973,1
48.211,24.195,67.701,9.942,49.513,55.721,10.827,78.276,83.965,10.773,28.317,48.049,15.37,85.211,14.358,66.479,13.85,37.495,81.806,33.702,2.378,5.78,34.21,58.985,3.135,99.353,71.992,66.581,58.615,55.056,20.878,84.664,40.146,45.825,52.043,47.831,30.986,9.74,21.456,20.22,79.355,28.21,52.615,77.245,5.944,2.991,7.947,22.34,15.739,30.721,93.684,98.592,49.172,97.366,27.798,43.768,56.814,96.177,41.278,99.037,41.331,38.749,51.198,49.653,19.465,9.978,60.564,37.759,14.527,15.52,77.799,63.184,5.569,16.593,24.981,12.964,89.664,28.697,37.228,74.356,45.161,84.801,95.345,18.445,7.881,36.896,56.386,4.348,26.239,92.303,85.084,16.6,86.206,88.256,1.197,6.945,40.255,4.344,54.226,11.476,17.969,57.911,48.78,55.333,77.132,48.591,61.421,58.37,38.162,19.37,8.29,14.054,39.091,32.296,55.166,81.202,85.778,30.275,15.529,14.475,79.924,25.952,55.532,25.106,54.422,39.289,72.419,24.432,46.149,46.202,30.02,4.155,94.302,83.76,87.149,91.34,3.157,15.25,67.904,63.13,81.217,92.009,78.799,60.428,24.854,57.375,0.64,8.527,26.369,93.068,78.796,87.336,56.786,74.436,83.082,81.458,80.424,61.564,73.364,84.7,37.837,65.778,59.925,88.839,72.628,40.921,55.221,77.706,28.947,96.882,22.044,7.849,9.324,75.562,51.567,11.086,85.787,85.49,63.349,31.205,94.878,34.181,8.592,70.387,15.657,63.618,44.493,58.725,0.223,31.182,3.855,36.116,0.136,74.484,79.238,80.667,90.273,45.324,29.591,81.753,45.877,21.268,2.178,10.457,80.932,35.369,91.042,27.177,47.38,94.637,15.247,32.812,97.672,59.964,79.056,45.499,26.773,22.248,85.785,93.736,26.552,61.824,58.062,92.111,52.526,0.371,94.257,24.693,10.654,22.876,74.779,99.888,28.893,18.582,63.007,96.347,7.081,83.346,1.692,16.783,75.908,45.092,23.374,6.537,64.59,4.547,48.891,94.795,24.144,68.545,3.621,2.676,53.382,40.605,33.229,40.7,9.462,32.212,39.616,38.85,28.862,6.143,44.081,95.058,40.001,59.945,87.681,37.857,63.558,58.388,51.883,27.162,25.233,6.934,1.212,64.963,40.529,10.652,98.823,92.135,45.599,46.854,75.349,44.452,94.968,76.522,22.192,48.047,57.412,30.994,19.727,20.199,99.023,3.697,52.781,11.065,88.497,44.235,57.373,75.889,83.215,99.27,27.803,2.363,92.191,26.805,29.372,94.481,81.015,33.419,59.192,44.774,22.745,23.329,66.198,30.304,56.464,40.716,70.133,1
37.403,16.176,56.755,10.89,77.615,2.651,21.112,23.414,24.38,0.126,93.68,5.54,61.719,79.697,58.361,38.473,40.422,34.798,71.934,71.763,95.724,61.342,64.759,45.636,10.377,45.443,96.153,86.905,76.335,69.447,15.477,50.657,71.766,15.224,91.825,79.278,81.179,82.268,84.58,37.612,32.957,66.125,83.559,15.343,47.916,81.207,55.341,66.378,26.077,7.824,92.539,24.143,57.651,79.103,89.455,48.161,60.896,44.032,3.338,0.586,36.384,64.108,47.769,22.9,31.943,60.752,11.844,71.71,38.858,33.9,39.32,81.147,55.729,18.798,87.691,75.012,39.314,40.064,81.961,53.511,59.597,1.558,93.867,66.262,62.839,32.766,48.6,84.696,23.078,71.735,25.054,13.232,69.561,98.219,72.43,98.556,39.753,74.736,96.488,36.212,12.614,83.375,64.845,32.927,62.114,17.363,98.491,0.709,66.681,78.377,79.627,11.109,77.072,5.538,81.798,42.413,41.528,84.609,45.967,56.185,78.778,96.794,74.699,62.68,8.19,94.756,85.542,0.121,67.259,55.604,13.993,76.378,53.086,30.296,97.151,83.221,62.449,76.416,68.66,88.966,70.889,56.068,40.488,12.786,67.385,21.805,6.136,66.531,52.923,49.379,88.897,97.902,94.869,24.501,99.186,85.608,93.869,96.943,72.464,7.021,13.85,98.783,77.21,53.031,13.621,13.971,41.066,75.065,52.627,98.405,82.195,12.156,38.441,63.807,62.738,71.778,82.847,15.554,41.346,76.458,69.028,43.636,23.874,50.674,31.686,62.568,59.105,41.383,46.244,27.392,83.66,14.734,78.155,66.643,71.302,73.417,65.859,97.751,13.991,89.97,14.918,88.687,80.504,80.504,91.151,17.48,88.806,24.04,58.317,60.501,62.462,32.088,86.008,93.628,31.302,90.7,41.447,25.726,30.128,52.024,76.012,24.831,92.179,62.979,76.674,72.965,43.501,11.297,97.199,11.615,30.911,97.109,22.079,42.609,2.431,70.753,2.452,56.193,47.89,84.091,31.726,34.772,67.481,78.174,5.579,64.031,38.866,88.878,78.0,53.065,92.907,5.213,92.229,57.713,68.81,1.581,72.974,95.453,95.372,46.796,11.623,17.858,72.448,39.684,72.485,21.636,19.026,50.872,7.246,79.63,17.521,31.947,65.789,58.944,95.139,46.841,22.738,45.537,91.695,57.125,60.164,35.9,48.886,57.887,76.364,6.745,96.167,81.612,25.486,45.144,68.219,7.349,47.948,21.657,39.151,92.242,1.185,71.048,42.57,96.13,39.294,65.294,86.285,10.407,16.031,94.807,29.166,85.016,20.529,3.063,1.441,4.296,39.792,24.924,74.312,50.816,14.615,96.401,62.828,0
51.128,22.317,90.911,86.449,79.937,3.932,47.17,71.612,52.476,8.322,63.668,22.953,42.676,35.314,91.965,54.477,14.935,0.267,13.373,6.405,44.919,2.251,29.493,54.477,25.338,67.342,43.685,71.647,49.006,69.819,76.203,20.934,39.556,6.622,62.471,73.066,35.348,9.137,70.937,1.832,36.343,8.076,51.327,61.844,68.864,76.858,71.001,12.882,87.711,20.799,4.766,20.98,1.074,45.18,12.9,32.224,15.354,65.419,23.091,70.539,19.04,27.172,14.235,81.927,27.466,99.576,33.089,20.471,11.473,43.474,57.313,84.942,56.025,86.447,11.186,41.554,39.64,12.397,84.023,78.456,61.222,83.615,47.125,67.606,0.925,20.634,0.143,37.382,90.988,6.428,1.886,9.959,39.096,58.028,0.428,68.577,28.739,78.878,33.129,2.747,32.92,65.589,48.98,29.932,58.011,41.287,69.33,51.572,58.635,29.572,11.902,0.607,81.812,65.42,96.432,40.795,57.315,70.508,9.872,71.884,19.514,32.99,16.243,33.142,15.98,24.454,16.264,66.066,97.962,93.545,32.438,83.745,19.311,45.603,44.505,30.416,34.984,27.101,5.727,69.944,71.311,49.694,40.459,93.842,74.615,67.636,59.581,4.672,10.651,11.581,32.961,15.916,32.462,50.654,43.54,18.158,44.532,54.33,53.83,40.187,22.105,98.317,27.636,58.756,96.937,1.987,90.848,35.874,90.241,89.089,50.75,70.67,59.301,11.773,54.357,6.741,88.885,84.339,82.682,13.125,60.915,89.287,36.798,70.252,95.962,76.817,66.075,36.447,87.928,4.52,73.645,35.262,40.677,32.118,49.593,60.727,85.259,10.697,18.837,44.921,59.241,54.825,1.832,30.545,33.136,41.168,14.28,87.405,32.514,86.798,10.408,99.732,0.056,56.999,89.22,35.665,53.061,46.475,94.859,79.799,10.903,34.863,92.837,16.789,11.629,20.511,37.892,52.169,77.685,6.079,91.541,19.576,45.851,68.076,7.035,67.162,63.562,88.812,58.671,72.152,0.703,98.839,49.584,39.042,10.583,11.683,24.642,83.71,60.43,63.905,57.732,86.03,59.439,46.654,63.34,92.902,69.593,93.504,91.237,85.63,22.033,52.087,48.575,54.1,51.905,35.277,82.873,51.336,73.388,96.324,56.082,61.477,39.656,65.196,54.61,76.699,77.594,96.915,46.741,69.668,5.115,90.937,56.847,64.505,47.026,49.644,28.457,58.239,61.172,78.296,72.8,82.386,78.183,31.263,68.399,64.257,25.265,79.997,27.71,85.0,4.321,40.299,90.563,17.036,42.604,38.56,77.118,34.336,65.419,29.772,45.192,35.466,56.805,68.937,3.099,80.033,25.912,34.088,65.226,0
92.09,51.572,95.48,63.683,86.222,74.077,46.206,60.597,78.282,96.613,36.387,85.507,45.044,75.633,92.193,49.688,41.664,98.622,55.216,37.842,52.625,99.6,21.808,30.658,3.894,84.101,69.342,5.679,44.286,66.992,80.637,84.02,46.569,38.793,88.016,68.608,85.988,31.63,2.554,62.642,49.193,53.46,38.79,15.672,19.075,71.55,50.105,28.252,23.63,18.909,58.164,60.401,12.99,55.433,68.212,4.322,18.729,8.7,99.968,13.824,82.136,80.116,31.506,15.862,23.789,69.436,71.094,80.886,28.474,45.049,26.248,68.997,18.837,96.858,24.567,48.207,7.484,42.388,61.237,88.623,58.516,71.036,31.396,34.468,45.148,98.863,91.325,14.88,4.095,11.355,25.148,19.456,97.438,26.547,93.335,36.045,27.409,47.011,39.163,76.597,10.777,56.372,92.717,59.707,95.655,14.747,67.7,75.582,1.427,41.848,2.966,73.494,10.337,15.382,86.93,90.635,54.102,23.686,71.008,2.641,38.62,28.328,55.746,35.27,67.12,93.681,37.098,32.384,93.958,58.063,5.106,96.953,21.225,33.283,0.662,49.842,76.816,60.572,67.216,92.293,21.639,64.617,48.816,85.783,19.169,72.317,6.172,67.837,41.106,2.923,17.794,74.183,24.42,56.557,72.087,98.305,83.515,94.804,42.409,92.913,1.737,94.695,18.376,6.207,44.412,94.89,67.653,40.041,45.791,60.549,43.167,93.855,46.223,91.769,6.714,34.076,10.781,3.867,20.721,84.834,25.285,61.16,45.71,59.913,89.405,91.236,38.239,72.812,55.123,19.364,23.767,68.626,23.121,73.469,85.517,7.257,59.627,57.799,37.792,64.88,14.671,0.244,33.718,2.489,8.504,17.334,41.79,86.589,89.772,12.592,14.532,23.317,46.33,74.86,18.183,77.94,31.556,62.044,32.415,73.534,53.545,44.49,16.651,54.75,14.529,40.023,15.073,69.297,51.855,69.37,74.25,95.999,98.085,16.741,97.604,55.341,90.154,25.869,70.369,36.567,57.959,13.735,88.104,49.107,1.314,56.787,81.847,82.192,64.673,88.612,95.081,43.996,69.477,25.707,81.657,34.264,36.179,21.752,55.011,69.488,46.927,54.745,53.634,1.409,0.36,69.688,60.6,41.657,47.855,45.815,86.753,99.401,8.641,90.488,51.395,60.666,95.35,15.315,30.631,39.889,6.13,59.874,51.265,98.89,89.358,68.702,7.12,64.39,37.766,11.953,2.685,34.16,86.569,7.453,51.595,42.425,33.469,72.864,39.781,51.531,79.49,7.427,83.933,64.126,37.8,99.946,96.941,57.723,36.768,6.41,46.621,52.37,89.757,88.012,76.097,99.671,13.354,68.471,23.822,1
67.225,27.006,83.845,79.18,8.474,60.393,97.71,55.637,26.169,1.972,43.999,93.096,11.85,0.117,51.444,72.393,40.039,87.222,10.277,17.055,47.954,64.886,72.453,5.481,82.701,5.822,22.609,42.465,54.797,37.299,44.263,37.931,69.939,64.812,29.367,8.324,5.371,97.445,9.159,92.637,57.065,0.05,67.629,5.1,10.614,55.527,36.212,72.651,1.182,4.807,34.802,28.906,47.356,68.608,93.029,22.964,68.268,17.563,8.191,98.976,17.215,90.122,47.067,90.447,79.056,47.337,64.842,67.444,65.395,86.01,33.376,23.007,59.915,32.129,86.707,98.776,74.817,25.44,76.008,34.655,38.358,67.82,61.553,74.2,66.895,16.576,28.128,40.446,11.301,77.856,21.119,29.172,94.116,78.69,85.079,9.292,89.807,18.765,45.859,78.098,61.261,22.977,44.414,42.375,75.159,74.156,77.145,68.673,44.729,53.357,74.354,90.051,76.712,0.48,53.019,34.351,76.682,80.833,45.781,59.871,4.643,36.317,29.827,72.359,51.621,7.884,27.287,61.227,51.551,21.144,81.949,33.741,40.077,28.324,4.513,35.548,25.549,33.07,56.494,57.756,43.673,18.266,37.389,24.349,14.536,44.137,59.116,9.717,11.656,69.147,5.675,70.113,37.194,69.298,7.082,53.423,41.036,42.429,51.168,55.39,99.547,32.151,22.237,16.594,24.276,82.675,41.205,50.008,20.964,81.873,45.396,69.445,65.083,69.318,85.142,0.831,75.936,88.475,14.78,85.843,26.47,34.617,96.781,49.534,93.243,0.865,85.156,29.651,82.623,82.264,51.704,88.437,48.427,79.168,86.446,71.826,14.091,6.424,75.87,28.192,97.174,25.538,72.884,28.004,30.505,0.492,17.45,24.791,45.567,10.369,72.106,91.885,68.219,98.667,87.958,8.06,42.978,45.801,49.904,53.534,80.867,34.414,14.406,83.218,18.093,44.601,94.274,42.786,91.948,51.847,61.866,58.968,54.176,46.102,47.064,29.319,32.939,25.798,45.192,29.491,6.927,27.763,11.555,61.038,99.512,72.204,58.124,69.192,21.303,99.472,91.694,69.126,96.256,43.496,69.538,33.287,99.105,98.787,58.143,25.117,89.581,51.593,2.722,15.319,27.88,97.745,28.634,29.461,60.404,42.193,78.832,34.947,11.883,88.709,98.119,40.959,80.332,13.61,13.231,92.16,86.781,6.21,94.189,46.533,65.723,33.529,25.232,3.026,31.607,23.207,37.877,13.132,13.054,63.567,29.951,24.808,21.318,43.999,67.519,80.843,91.359,71.547,90.844,6.741,41.386,64.87,28.427,45.657,87.434,41.837,86.158,79.98,10.514,62.554,20.971,69.853,49.154,84.744,55.76,1
53.959,79.795,90.617,41.62,31.895,88.2,34.672,86.177,33.133,40.134,23.165,43.301,70.865,29.645,52.289,2.872,62.848,55.098,52.225,33.859,7.603,17.136,66.277,70.489,38.123,58.4,91.133,31.61,95.229,27.251,58.933,71.475,52.597,31.016,53.686,89.056,99.354,84.07,99.015,44.901,3.6,15.412,24.254,66.985,83.974,16.756,61.689,55.549,90.464,9.117,73.359,86.487,20.961,15.934,1.677,86.746,94.465,52.295,98.016,12.678,44.251,87.27,48.053,38.92,42.748,54.158,66.34,33.792,47.12,52.918,73.878,98.156,72.238,14.954,50.582,91.277,44.884,22.65,26.864,96.995,95.659,0.725,18.2,53.694,82.388,26.596,63.33,81.327,75.439,97.863,63.661,36.828,24.272,89.071,17.348,95.404,12.907,80.422,83.922,49.971,71.384,3.655,25.469,21.297,53.074,70.572,46.982,6.09,12.583,46.228,74.546,66.919,12.656,55.075,81.581,81.011,92.278,2.265,70.919,78.866,4.176,72.682,15.239,34.218,29.035,41.054,60.363,78.975,68.393,98.11,79.576,89.237,98.306,64.924,29.317,10.4,47.668,55.792,85.381,6.915,78.871,42.133,78.434,28.549,86.945,46.023,52.764,84.141,98.649,34.327,60.872,29.702,96.535,51.49,92.743,26.456,67.113,49.946,22.826,18.741,17.832,84.814,96.484,16.303,54.436,33.029,53.466,91.802,43.77,1.057,84.901,89.117,23.915,61.496,94.002,58.268,59.282,84.187,95.889,42.175,3.177,41.258,63.618,59.464,20.633,8.514,94.405,4.72,85.945,24.494,51.165,69.381,24.132,94.532,49.88,86.715,37.592,54.43,24.775,42.43,62.455,32.047,88.762,77.506,7.57,54.084,1.691,11.697,81.861,20.671,28.02,80.812,32.608,45.838,12.93,65.594,49.1,51.149,46.081,99.798,92.6,36.581,43.149,62.099,46.268,91.652,66.779,29.582,96.071,34.063,34.326,57.004,97.626,2.542,34.26,89.655,23.999,62.919,13.4,71.007,8.298,11.473,51.395,87.533,95.707,28.622,7.431,22.426,34.497,16.045,31.294,73.907,66.28,36.697,80.901,6.17,45.313,66.874,52.959,97.652,16.403,75.931,39.436,31.334,87.367,61.026,70.977,9.253,83.223,37.426,29.54,29.585,14.894,80.383,4.036,80.683,13.551,63.068,76.503,88.171,46.323,2.572,73.065,54.693,30.019,5.668,82.253,36.238,85.824,17.23,93.719,78.577,73.783,28.451,99.129,0.961,70.223,58.275,99.867,43.651,28.956,83.55,78.599,57.587,9.025,79.722,8.855,55.168,3.879,71.843,66.003,35.358,57.167,58.299,6.113,2.691,92.507,47.845,91.31,0
13.63,91.09,23.667,15.386,30.249,0.816,55.369,59.434,95.481,78.173,20.395,30.26,96.323,97.739,26.199,50.234,36.689,6.866,21.434,76.714,62.341,69.19,89.249,42.752,41.601,18.564,23.922,81.939,11.597,11.65,2.592,16.542,8.631,69.581,20.382,8.358,22.379,9.227,59.206,30.532,3.437,61.807,95.079,5.074,54.504,52.829,7.024,37.985,41.217,80.957,15.778,11.702,57.228,67.61,86.886,3.61,15.408,67.07,19.219,39.256,56.159,81.664,20.69,44.227,15.16,76.038,88.1,62.604,48.906,99.17,97.38,71.152,69.577,6.92,48.425,1.135,65.519,69.078,90.191,9.224,11.515,50.618,76.273,29.056,32.106,86.681,11.201,72.218,78.172,2.293,88.735,24.902,95.269,26.35,36.788,2.782,49.309,25.61,51.924,76.995,34.494,82.638,49.593,34.675,70.336,35.811,85.966,45.923,22.609,82.551,75.59,20.897,39.437,83.525,66.214,95.968,50.383,7.683,65.232,85.278,74.435,76.917,31.546,88.881,75.504,97.655,97.104,95.411,75.969,57.333,37.912,77.149,6.043,39.894,46.166,1.366,59.381,28.094,91.4,86.266,96.785,39.721,60.46,86.13,13.692,76.587,21.82,46.121,2.928,10.809,68.119,52.291,0.89,2.643,49.548,91.307,27.435,4.856,42.086,24.965,21.62,21.549,3.062,75.264,33.765,53.452,49.092,28.531,69.584,69.349,55.206,62.305,65.109,24.341,33.505,73.221,84.073,49.289,14.214,85.092,32.502,54.174,69.245,68.59,55.041,33.767,27.435,31.636,87.027,21.157,76.93,89.417,95.482,78.172,96.386,91.934,51.938,16.509,75.099,42.837,54.266,90.888,54.78,48.904,39.638,56.259,63.491,14.537,24.052,1.699,25.81,23.539,25.534,36.409,31.12,42.109,79.956,51.726,73.805,94.373,26.575,39.289,49.109,8.834,3.859,22.798,45.737,34.521,16.866,44.226,39.964,12.183,35.835,30.191,51.287,11.091,77.625,25.306,7.947,43.941,54.405,70.673,71.134,70.305,89.163,7.269,53.901,11.826,30.692,91.743,85.975,87.745,7.613,51.64,16.639,74.852,2.214,33.285,33.979,63.059,37.908,35.063,25.82,74.152,50.078,24.68,50.656,25.549,84.929,77.885,84.563,23.147,45.208,98.864,80.695,19.84,87.729,67.666,63.188,31.476,99.188,84.76,35.417,41.027,42.399,0.887,99.248,85.123,9.272,95.528,64.353,13.767,49.654,14.984,22.055,52.266,79.986,47.158,26.706,12.571,9.898,85.724,96.591,44.502,87.229,20.766,79.784,23.175,36.765,78.61,5.535,58.093,83.773,63.098,2.148,78.999,19.368,2.938,71.614,0
40.639,91.872,36.071,54.36,6.963,41.186,69.317,25.962,89.159,77.364,1.926,27.509,52.769,25.188,27.201,87.161,96.121,81.295,3.393,69.103,17.272,48.701,57.041,71.253,57.64,87.627,12.411,81.13,59.392,35.54,28.508,74.885,42.775,32.93,13.819,8.454,74.188,69.67,84.257,69.816,35.373,43.512,47.465,16.856,0.775,1.198,41.491,93.022,88.899,88.793,71.845,6.684,99.283,20.469,30.603,57.996,78.316,69.712,31.892,18.412,31.304,11.754,40.93,21.286,22.795,16.231,27.85,73.228,60.604,71.843,68.685,68.352,4.618,9.05,1.276,55.619,94.594,12.545,71.21,28.387,65.611,44.847,95.204,73.767,23.941,85.643,87.396,77.819,93.991,30.174,28.184,69.885,85.319,17.373,70.561,63.71,88.955,24.522,71.363,77.387,78.718,88.7,89.194,20.199,21.327,16.898,53.488,47.187,35.92,40.538,49.194,99.355,12.469,20.812,91.83,41.456,32.571,27.392,45.634,71.098,9.586,8.279,51.765,12.989,72.876,98.46,83.579,86.53,96.013,95.979,67.514,52.174,59.452,7.298,72.153,0.203,72.772,12.082,98.885,11.926,30.07,40.133,25.458,71.256,8.173,10.307,58.252,50.484,6.035,57.656,36.324,30.343,73.145,30.197,91.831,21.289,73.167,76.962,51.618,54.662,65.153,33.648,71.045,24.118,99.999,66.911,97.049,55.957,83.878,72.801,45.849,5.651,56.032,88.736,63.252,34.064,17.258,93.142,15.682,75.096,72.707,55.493,3.079,96.891,75.495,40.618,57.175,58.556,61.45,66.584,41.193,1.953,54.114,36.059,71.892,20.327,99.275,82.894,64.659,36.101,6.318,30.744,75.798,66.864,13.36,10.842,71.728,82.911,18.891,99.302,47.239,83.197,74.926,84.278,2.117,4.664,24.597,52.019,6.077,63.151,75.181,41.691,71.359,76.371,75.146,93.922,22.48,3.658,80.055,79.448,70.63,57.064,88.93,51.485,27.296,27.132,15.455,69.524,43.519,72.254,54.082,86.523,93.387,17.6,40.985,5.927,47.477,28.64,86.348,81.207,39.497,44.164,42.707,39.517,67.698,8.981,59.808,16.016,10.296,99.794,27.145,47.663,35.002,85.91,80.647,19.383,33.384,13.238,14.917,18.59,97.497,39.72,99.17,22.577,21.671,84.516,38.894,95.204,25.569,17.183,92.641,95.245,22.268,1.011,91.052,75.894,99.909,46.145,77.528,25.791,76.06,73.244,22.71,8.654,51.494,14.664,14.849,46.498,74.463,36.81,12.514,70.809,20.011,76.006,57.476,98.344,6.185,79.855,84.056,87.974,39.944,92.415,40.819,93.07,19.412,49.257,23.055,99.291,12.952,1
69.715,15.934,94.647,51.964,46.535,89.521,83.29,81.369,49.729,17.671,33.702,57.973,10.201,23.308,22.943,47.154,76.682,69.896,88.535,0.691,69.293,31.219,65.498,25.098,89.612,20.441,44.577,26.71,19.109,88.689,19.665,12.379,62.674,88.724,51.464,53.338,36.713,63.462,96.827,12.788,64.567,89.085,62.594,1.264,46.474,43.989,59.244,80.095,64.172,37.168,93.525,67.753,47.752,42.097,65.873,54.035,89.365,65.255,38.616,36.953,70.602,30.716,72.791,69.116,9.586,48.947,69.673,79.155,46.357,66.872,43.508,3.012,20.626,14.547,82.391,19.822,96.972,96.829,42.868,52.932,61.674,26.307,96.155,52.617,55.609,63.566,57.217,22.095,45.681,91.018,46.875,91.629,67.213,86.251,67.772,8.03,37.229,23.802,9.46,50.981,75.756,82.427,42.061,34.545,36.281,8.07,68.495,2.985,33.162,39.612,43.44,91.151,64.935,40.479,67.109,3.682,64.623,22.315,29.766,41.755,9.362,29.784,56.824,67.854,42.856,14.233,58.358,72.416,8.903,73.071,23.111,33.495,31.042,85.652,38.113,15.27,32.525,56.598,40.044,90.754,44.177,20.59,67.666,41.463,59.657,25.717,33.682,59.647,0.722,55.633,34.787,78.788,28.6,36.229,77.87,65.292,19.839,46.993,51.355,21.72,5.358,73.833,9.104,66.219,73.63,94.491,94.001,38.017,37.604,68.29,97.297,35.092,39.052,79.473,20.489,70.448,18.589,94.707,20.451,91.812,45.202,56.428,59.839,6.531,66.753,0.509,9.604,12.384,60.321,30.236,51.94,39.633,97.019,2.291,44.237,97.616,74.588,41.335,30.421,75.545,77.355,55.762,57.102,69.085,66.447,51.41,61.404,63.01,27.939,48.434,43.075,5.828,81.609,67.09,59.947,49.565,91.846,29.264,93.771,70.726,66.186,63.85,55.923,1.448,35.007,49.084,24.692,27.19,43.533,57.465,30.015,91.417,79.278,68.867,96.853,53.956,76.811,88.218,74.42,78.638,94.476,32.558,50.117,57.26,65.918,38.899,34.477,98.737,55.313,44.25,79.885,30.294,44.936,9.057,52.867,75.365,50.246,97.666,27.344,81.529,35.476,60.623,40.328,31.891,21.432,4.058,15.774,32.337,14.98,4.508,86.057,64.492,82.87,38.993,39.328,60.826,63.978,26.522,22.229,77.453,23.219,25.114,40.57,32.998,99.675,18.666,10.212,35.567,3.219,23.513,45.187,0.511,54.59,20.958,86.778,41.961,29.074,42.717,90.471,58.741,5.86,47.694,25.956,27.62,43.031,91.401,12.253,74.168,8.192,8.106,17.742,81.249,4.428,75.456,72.702,81.615,40.506,31.301,35.115,1
71.016,71.096,70.191,63.847,90.294,4.441,78.783,30.27,31.386,60.218,21.486,37.281,84.509,41.598,71.512,40.109,10.042,22.342,31.38,74.921,76.642,2.591,58.612,78.54,48.192,78.982,1.156,99.152,88.428,6.858,85.557,81.065,85.615,9.468,54.198,91.122,55.894,38.477,91.433,80.842,59.774,60.759,77.073,11.594,91.335,62.547,72.402,3.618,35.624,12.081,9.489,81.298,81.056,22.261,92.87,41.178,43.802,50.167,79.495,49.246,48.303,53.627,64.201,61.032,14.76,85.069,70.714,75.121,94.773,84.961,90.717,95.422,84.747,98.923,1.727,91.841,70.199,60.016,8.373,96.284,22.0,81.278,7.423,19.471,57.649,16.319,13.477,56.254,94.201,77.167,26.519,66.573,94.367,82.684,47.8,67.622,93.563,47.118,36.322,55.567,38.536,71.635,25.489,0.691,39.943,6.829,91.814,94.726,18.131,41.451,97.634,13.131,3.282,22.955,5.955,38.833,99.664,37.06,7.343,31.8,67.377,16.802,11.788,43.162,83.146,6.347,8.187,12.144,72.986,86.348,71.046,77.991,87.48,61.458,60.87,22.165,5.929,32.455,58.372,74.554,76.899,58.081,91.528,5.957,78.803,22.116,79.071,81.599,34.084,43.047,65.811,50.49,60.53,84.63,10.546,2.016,58.268,38.69,10.774,76.281,86.018,4.84,28.821,3.084,16.328,6.51,75.453,84.255,79.261,0.589,12.245,78.602,77.597,94.142,88.996,76.868,25.317,74.715,80.727,83.983,87.644,70.147,69.179,49.956,10.221,3.814,77.442,84.078,27.318,56.392,26.361,56.604,35.24,82.023,1.155,68.01,84.964,33.242,90.868,50.15,41.397,13.17,94.466,26.228,39.837,59.412,22.044,61.824,54.638,83.309,57.15,4.062,25.789,60.839,27.418,30.505,66.516,65.793,29.036,35.909,92.991,99.681,44.306,43.108,31.62,19.053,76.11,53.365,45.414,75.275,60.482,87.814,80.642,19.525,9.573,93.815,96.719,49.537,52.444,63.001,12.346,98.923,67.23,37.532,51.875,58.245,1.432,96.609,96.193,38.742,60.875,44.599,38.808,12.096,39.023,13.711,71.916,39.902,0.788,18.964,59.676,12.747,80.791,40.002,54.839,91.749,99.792,67.512,48.312,4.597,39.583,37.848,83.919,74.601,82.152,29.535,15.814,89.685,82.186,49.724,13.214,8.674,93.781,32.229,27.352,96.102,34.02,34.157,74.277,83.114,0.069,32.103,83.692,83.769,30.89,39.048,6.252,17.975,36.197,84.922,33.948,15.02,62.594,90.819,89.709,33.046,76.754,18.842,11.903,27.22,91.854,1.666,61.262,82.932,22.994,66.388,24.22,12.688,71.783,0
0.663,8.52,14.688,87.818,27.087,25.814,74.417,72.554,79.283,27.716,69.835,79.878,28.104,3.097,90.335,92.624,48.548,22.245,69.467,80.036,19.683,84.283,46.558,83.447,59.174,54.399,68.917,30.374,75.632,9.667,11.476,93.056,14.727,9.273,49.209,94.032,86.549,90.12,51.704,50.225,65.314,96.011,80.402,56.686,15.06,31.073,97.342,34.38,46.316,77.236,75.482,43.522,21.704,33.25,50.393,45.166,28.224,94.416,34.683,12.75,21.321,70.227,50.227,95.035,14.371,74.899,99.214,82.397,14.909,31.082,74.785,12.826,32.193,32.694,6.761,46.594,52.639,55.71,18.657,2.524,4.606,24.953,33.641,23.04,73.622,18.669,96.218,15.884,98.701,44.138,47.282,37.969,37.886,4.426,12.85,54.598,49.514,32.095,69.63,50.055,7.903,66.513,5.562,47.264,20.761,68.401,82.155,71.678,39.003,35.991,18.958,37.142,75.007,13.626,12.839,65.667,3.447,84.14,71.187,94.057,25.692,95.47,21.987,63.557,12.178,80.527,8.162,92.198,35.547,59.088,86.726,38.195,30.589,70.783,31.189,93.157,21.353,59.516,61.233,47.882,81.077,68.353,36.242,22.708,24.304,27.663,58.063,45.092,62.222,84.2,46.74,9.223,75.001,74.631,79.182,30.254,29.449,59.976,49.633,73.889,54.274,35.594,55.155,41.336,6.882,53.068,50.659,83.787,47.616,40.347,94.803,99.598,80.9,13.083,36.636,59.076,49.914,25.513,45.634,97.763,21.959,12.756,90.302,58.337,4.504,91.983,21.439,16.018,18.622,87.094,32.149,55.675,92.938,43.897,28.984,20.674,11.766,31.22,94.18,73.78,90.313,21.834,39.634,46.332,45.983,72.306,49.637,0.638,1.8,40.269,41.113,99.802,76.232,40.222,0.373,96.698,37.763,71.705,16.205,99.247,85.25,12.015,96.705,78.744,64.502,12.706,58.103,92.793,85.872,50.345,86.521,53.718,48.076,79.014,76.256,13.366,26.143,79.044,59.87,19.756,1.109,29.936,77.925,64.385,99.83,43.089,16.61,76.049,90.013,40.089,96.662,3.246,27.316,35.231,23.161,18.17,25.237,91.415,20.558,34.005,81.137,27.712,87.828,56.242,11.247,52.085,30.929,86.021,43.3,9.808,96.687,18.132,2.909,38.88,23.504,55.733,8.835,75.714,1.898,55.911,72.584,22.552,37.626,62.592,52.903,8.316,41.077,33.805,34.961,36.143,98.487,55.248,62.542,37.227,93.205,16.692,62.266,49.964,75.471,92.14,20.857,85.317,19.342,68.935,33.645,49.654,48.886,46.122,51.967,47.624,36.611,20.96,78.831,42.515,20.862,77.556,8.93,25.684,59.562,1
22.006,81.403,55.54,95.993,65.236,79.945,17.916,78.662,85.497,19.199,60.781,1.299,81.141,84.952,11.498,86.589,3.316,7.5,22.394,10.626,30.795,96.702,30.782,18.343,19.881,97.182,49.939,15.628,7.459,99.282,60.371,8.703,86.401,52.457,39.378,80.023,38.447,81.927,82.331,82.552,70.404,1.855,83.925,98.077,65.867,57.069,8.956,98.124,48.121,53.032,92.214,38.142,61.31,57.23,46.179,23.117,45.209,97.781,58.403,39.44,4.505,18.123,19.367,18.12,30.555,67.463,5.713,50.892,38.695,56.59,98.092,89.581,91.117,62.045,46.897,66.457,75.292,36.404,91.501,44.393,19.547,76.822,48.889,0.711,11.563,33.564,67.783,9.587,96.506,67.593,20.56,80.837,73.016,85.005,0.46,96.641,42.401,34.033,50.839,68.786,86.748,68.667,42.01,6.284,92.79,52.375,67.355,47.428,94.176,50.095,98.631,47.885,82.995,92.043,59.116,82.928,94.889,91.581,99.286,41.072,27.154,49.618,16.822,20.076,49.0,83.966,65.785,88.502,76.522,35.065,39.371,87.188,26.384,33.478,44.445,74.142,38.501,25.928,58.337,26.508,44.262,7.831,35.358,62.836,73.828,27.508,44.335,25.274,31.972,3.608,63.853,25.319,77.465,24.134,49.515,60.052,0.556,72.498,67.923,74.804,61.114,31.482,22.699,62.374,33.277,2.699,44.093,81.474,27.966,86.69,3.254,96.784,52.498,37.46,53.21,19.872,53.368,92.491,58.035,18.653,60.716,24.767,60.084,30.294,74.033,4.29,91.88,81.142,2.918,22.141,20.903,96.759,87.547,8.736,0.131,87.991,21.842,81.08,70.652,83.843,31.423,4.589,73.809,14.115,36.096,23.046,53.296,63.164,43.188,20.209,29.135,39.457,28.113,42.704,69.166,99.78,95.392,39.41,43.188,3.734,21.841,85.711,13.649,48.569,82.224,57.038,47.454,11.146,59.464,78.256,70.871,75.791,28.368,81.572,5.337,8.879,17.904,48.923,4.492,80.419,11.018,87.385,32.79,39.174,97.675,26.237,88.115,47.578,63.385,20.218,19.631,23.606,83.453,42.712,26.359,21.496,32.143,86.221,37.12,70.581,47.306,59.004,85.501,2.293,80.856,34.394,75.74,64.133,18.342,3.17,76.053,2.899,40.349,52.786,33.412,75.622,6.046,8.52,84.614,69.96,68.02,11.975,15.992,18.233,88.305,39.913,9.485,21.842,10.979,18.76,46.172,36.392,64.461,52.092,29.76,67.217,69.988,96.603,90.923,24.846,41.123,50.055,0.898,91.667,50.502,97.921,48.928,6.614,4.487,80.264,40.446,64.118,11.911,2.996,42.732,4.083,3.581,45.507,20.498,1
44.137,73.075,51.229,19.628,1.063,25.431,84.143,35.127,21.307,92.97,32.856,28.475,67.839,86.798,87.764,62.019,47.921,51.407,61.434,18.914,86.687,55.408,81.917,24.486,66.322,38.996,98.603,24.57,94.822,42.802,74.421,32.562,62.417,82.863,94.817,99.385,88.876,55.083,65.899,90.1,99.652,58.762,2.395,99.585,97.172,3.367,62.633,37.174,0.508,71.325,34.228,42.333,62.499,5.409,74.322,15.895,83.341,64.897,89.893,60.705,59.812,62.245,38.11,21.894,95.939,82.252,16.513,24.589,84.969,39.955,26.474,0.322,24.483,44.017,64.267,11.734,35.322,80.509,84.159,80.431,68.262,20.848,16.335,11.748,86.638,62.796,35.728,9.342,97.639,32.636,2.199,12.802,7.839,94.737,14.003,3.898,99.671,85.432,93.328,12.632,90.857,30.096,87.449,78.176,3.253,23.751,96.77,90.954,34.659,53.069,70.882,21.751,51.621,44.347,82.455,60.0,88.498,58.691,52.544,74.847,27.09,71.669,63.808,32.742,52.627,10.498,85.802,53.578,48.602,85.956,18.779,51.522,13.808,93.18,85.195,58.688,86.807,9.847,34.33,87.082,36.513,46.704,41.88,52.787,52.595,72.382,33.654,33.845,4.102,5.364,51.33,57.519,72.793,85.239,62.058,84.497,26.18,50.181,38.768,67.521,33.858,82.456,76.221,51.25,28.172,73.945,88.478,84.531,73.709,51.042,13.623,25.531,40.722,29.048,23.733,33.244,44.362,85.067,59.566,36.111,78.385,60.133,79.992,93.416,36.827,33.264,51.078,85.88,50.779,71.181,66.405,44.664,77.596,30.003,76.764,45.203,49.665,49.316,37.21,87.388,36.994,87.938,11.747,21.683,44.738,85.153,73.666,81.223,24.832,59.614,61.569,1.703,6.212,28.502,33.093,36.419,98.327,54.742,31.054,68.799,41.605,89.639,92.202,84.545,10.552,42.637,19.748,56.364,78.809,65.899,48.858,15.404,36.401,22.1,90.164,93.013,77.652,43.093,26.351,73.424,2.082,30.113,78.224,91.127,98.573,49.082,67.954,39.73,19.734,6.275,28.303,36.782,11.318,62.762,27.631,49.644,92.889,81.912,5.588,28.292,36.454,55.568,79.031,35.319,62.249,33.621,83.078,92.363,80.142,95.822,42.396,55.824,96.986,21.469,37.301,97.009,65.803,69.936,86.064,41.461,50.897,56.049,78.232,35.612,0.778,98.851,74.382,9.166,50.274,75.913,5.082,20.092,47.365,37.056,32.963,47.155,32.106,15.868,62.575,57.909,58.307,22.307,55.599,88.717,77.844,61.606,96.553,87.034,66.823,42.023,52.351,95.566,88.335,98.332,54.632,64.623,2.444,8.8,36.855,0
59.722,9.283,36.942,20.461,4.371,40.59,4.849,61.109,18.986,67.787,23.736,21.713,57.066,24.299,58.744,18.494,0.244,66.911,23.62,56.052,44.755,16.956,65.488,95.206,55.96,61.494,52.821,28.333,93.913,51.973,75.269,41.221,45.281,40.418,74.773,27.297,84.332,13.511,0.79,23.259,51.25,9.271,29.395,74.286,40.476,29.21,27.809,72.793,41.303,27.481,2.999,46.31,55.881,76.65,76.498,76.163,59.927,43.409,23.962,59.388,65.12,51.828,68.31,54.967,44.363,85.474,27.263,56.648,31.11,52.647,66.375,30.596,94.987,38.402,60.986,98.276,56.904,70.314,24.932,81.037,33.028,43.716,31.095,14.417,61.505,1.024,15.26,37.885,79.393,75.9,84.689,93.874,80.52,26.827,95.515,38.86,41.83,99.6,51.936,95.874,12.174,98.635,18.206,13.911,78.15,14.589,66.499,64.993,97.477,64.56,26.629,56.018,13.737,90.332,22.656,20.779,48.597,55.8,26.984,98.125,67.549,6.432,51.468,49.194,30.08,88.325,52.083,32.678,50.144,5.146,26.55,32.97,58.412,68.649,91.336,32.555,77.556,66.259,65.173,66.608,79.08,37.184,80.114,50.242,56.162,0.213,88.669,33.732,84.973,13.176,39.56,74.861,65.166,26.114,25.545,60.165,21.484,41.423,22.419,46.689,36.765,10.737,96.213,35.513,88.281,79.964,17.757,6.145,15.093,98.069,51.01,44.308,45.591,9.975,36.866,5.071,32.58,63.157,9.269,97.101,34.76,94.406,2.17,34.033,37.407,10.128,22.38,87.912,54.733,4.966,8.759,26.311,18.754,18.563,18.58,56.265,86.803,47.579,42.331,71.022,20.481,85.421,67.162,69.184,4.762,27.915,20.721,54.797,0.156,4.056,98.17,80.04,61.56,7.742,82.347,4.322,36.363,12.691,8.152,26.727,45.913,83.859,77.851,91.83,58.038,76.662,36.185,59.86,33.375,13.271,1.895,18.019,61.642,42.921,95.748,80.177,21.557,90.357,50.38,19.374,31.211,86.735,62.751,47.913,89.685,71.954,12.35,4.015,7.681,59.534,15.314,88.944,13.993,40.145,58.767,28.75,80.358,20.117,45.99,28.252,44.701,96.643,15.5,28.342,8.268,12.626,28.2,79.985,17.962,42.499,35.139,85.589,17.553,20.125,8.645,41.382,35.58,51.019,41.852,14.555,45.369,33.176,14.979,45.69,13.885,5.414,24.195,62.906,47.307,5.744,45.469,31.409,0.772,88.926,35.625,74.833,84.198,68.518,43.662,48.743,42.627,0.274,46.236,7.602,7.1,17.783,69.782,9.131,38.307,86.95,59.883,81.019,97.184,36.498,79.574,57.435,22.964,69.626,23.135,1
27.264,28.188,58.276,31.967,8.19,87.063,33.085,81.77,89.638,58.168,18.835,86.069,70.626,22.72,14.791,17.664,68.34,41.226,52.832,33.433,92.885,33.092,11.037,2.455,72.074,30.459,85.619,65.245,6.479,71.009,54.437,3.278,31.606,4.99,22.136,28.443,77.469,72.34,22.427,41.665,76.395,0.651,48.199,77.225,69.99,19.351,70.056,5.294,57.764,54.026,28.181,40.562,99.085,23.329,92.908,3.3,64.676,9.589,46.242,82.845,74.669,44.084,11.132,18.394,70.376,87.382,16.962,89.852,83.467,22.397,21.217,91.116,81.976,74.485,9.253,64.194,84.685,37.411,52.919,45.401,60.513,37.498,35.461,9.439,95.184,23.675,68.942,56.28,3.053,70.144,98.103,68.563,72.111,89.248,58.966,77.445,60.658,54.82,24.735,65.046,48.813,21.188,88.936,28.752,49.957,51.913,71.339,25.77,29.998,38.571,70.421,80.143,29.602,99.277,35.494,14.924,74.005,57.093,93.14,36.861,2.145,49.746,94.05,38.22,36.867,57.655,39.196,86.935,46.897,88.074,32.034,14.72,94.179,18.229,11.066,66.164,16.012,2.607,12.867,93.232,63.158,38.302,73.962,95.946,12.128,43.611,86.074,1.997,11.754,98.986,88.615,78.795,43.601,0.323,64.935,58.957,84.432,0.349,55.575,65.368,4.896,87.236,99.466,49.959,40.622,16.809,2.412,92.907,80.227,66.698,52.388,46.494,49.095,49.576,4.975,27.753,58.867,13.413,38.57,12.944,95.885,10.518,33.585,64.748,77.291,59.99,40.123,43.401,96.414,44.96,63.574,96.176,36.202,69.536,56.293,11.207,59.284,16.724,3.692,86.532,90.158,12.013,20.465,40.127,85.548,72.933,56.893,73.853,45.956,28.231,53.065,67.022,17.471,4.488,49.599,10.584,46.698,26.568,81.047,52.494,63.896,18.914,54.134,55.1,73.082,49.006,49.664,50.959,94.387,28.215,45.113,23.876,86.332,61.422,62.295,67.809,33.309,55.007,21.616,23.52,38.663,57.869,46.968,12.42,35.067,77.302,84.235,61.163,6.158,37.997,25.417,64.041,12.309,38.152,49.09,57.733,56.86,96.216,57.52,21.082,23.898,3.757,62.711,24.532,55.511,55.681,3.961,64.139,53.037,51.56,73.804,78.293,37.391,23.542,84.31,17.794,68.955,5.326,59.822,27.677,54.886,49.096,48.005,12.389,18.63,15.764,59.089,66.445,19.697,74.601,12.222,23.076,97.355,80.064,13.744,22.103,44.05,46.009,43.15,90.567,0.807,24.43,65.102,68.566,81.112,43.938,83.65,64.417,5.548,32.566,48.236,66.017,72.477,78.097,56.254,45.868,20.384,91.463,66.932,0
30.181,31.926,34.974,50.29,69.567,6.871,33.043,35.172,85.705,14.072,96.869,15.792,61.89,51.557,73.307,18.81,59.152,85.464,45.071,35.234,41.771,88.206,25.658,19.947,10.042,53.584,88.991,79.099,97.648,80.659,53.711,32.451,39.974,75.902,22.783,92.274,64.322,27.259,80.187,6.044,71.685,1.564,14.591,48.678,74.867,47.394,62.223,34.881,84.149,15.025,92.082,0.14,85.08,79.97,50.493,87.729,61.495,61.13,93.807,64.15,21.413,15.562,84.752,62.766,24.542,44.83,95.324,21.014,30.669,50.28,63.416,10.075,32.495,49.948,85.509,29.957,36.943,5.321,9.251,97.768,41.204,84.156,87.879,16.137,18.738,83.217,33.432,32.333,41.623,16.267,91.203,96.151,83.053,34.168,25.066,38.939,70.92,16.962,66.361,56.962,0.397,83.653,8.336,44.482,66.641,22.907,38.492,91.307,91.833,80.144,92.592,83.32,25.919,68.518,72.074,5.064,5.072,79.141,92.634,52.549,98.528,5.147,57.809,77.379,10.836,18.989,13.346,25.976,76.254,8.541,17.732,91.263,16.546,63.311,48.76,39.936,38.297,4.161,60.737,43.612,66.446,8.589,73.193,90.735,26.981,19.174,67.411,43.475,35.966,80.362,14.048,34.054,94.037,80.012,6.734,90.479,69.664,87.927,55.193,43.924,61.262,66.698,72.703,54.88,56.582,70.389,17.768,80.299,59.265,17.018,81.444,86.279,64.313,10.264,28.314,57.043,91.049,27.033,11.29,11.016,0.684,8.409,81.557,96.148,69.337,39.677,57.725,18.956,12.1,85.472,41.219,15.384,90.576,82.885,82.079,3.053,45.022,89.003,15.215,61.928,50.609,30.273,30.722,61.827,50.32,96.036,39.1,36.399,29.73,7.41,54.246,46.335,93.95,59.986,24.729,38.559,88.692,32.695,60.667,10.178,41.634,95.659,69.385,57.671,99.614,96.666,19.139,14.953,11.368,65.463,89.243,9.837,6.164,31.465,13.739,10.234,40.264,87.782,76.75,88.721,23.582,18.303,25.071,71.527,1.237,12.538,88.141,87.674,92.114,39.454,94.267,47.661,8.167,24.27,78.036,1.003,13.944,24.69,83.503,75.757,25.314,24.174,42.391,79.984,81.354,47.409,2.964,77.276,61.908,73.174,65.181,63.448,66.111,59.004,53.526,63.979,90.993,42.661,39.514,46.977,5.181,53.908,87.651,86.516,48.679,13.409,3.972,65.029,17.848,29.211,68.815,2.046,83.256,69.896,88.247,37.037,7.304,68.792,81.438,75.433,71.468,49.305,91.723,28.366,46.195,97.463,34.467,18.285,34.636,88.536,43.687,81.082,98.879,59.261,20.737,17.788,99.809,43.44,72.392,0
58.093,31.906,18.528,55.555,10.34,55.133,79.504,51.129,19.072,38.133,19.17,67.062,16.641,83.42,54.928,42.648,2.134,88.464,73.759,3.973,18.065,87.64,35.228,91.409,77.327,23.098,52.106,60.209,57.881,7.078,8.064,42.638,57.86,18.709,8.087,19.117,24.945,70.711,71.991,34.618,81.51,98.341,99.666,0.33,47.949,0.613,55.859,91.883,90.239,56.634,65.862,60.942,79.237,39.95,78.224,45.607,50.457,70.435,41.46,76.87,23.768,93.436,81.187,91.195,35.84,61.089,82.321,55.244,73.985,27.79,17.131,90.022,58.27,33.665,19.614,84.611,18.893,3.457,32.741,6.732,29.415,58.184,20.817,68.876,10.973,74.766,92.384,9.95,59.665,49.788,34.262,67.252,97.733,80.669,42.889,40.19,35.548,60.541,94.278,33.517,3.044,6.489,23.735,88.29,90.561,14.067,26.081,41.981,70.206,84.328,78.685,46.612,96.054,3.954,70.937,88.352,82.606,17.249,63.33,54.499,13.993,8.018,6.313,79.245,52.633,62.209,72.548,75.012,35.33,86.072,67.475,74.172,85.161,32.016,13.903,82.11,7.061,16.123,74.92,94.799,42.311,75.742,49.804,81.674,7.033,30.581,84.126,20.584,99.053,10.516,1.615,53.504,40.275,97.399,5.384,43.198,76.685,78.147,58.147,25.942,83.052,2.675,81.404,53.255,50.943,1.871,70.498,29.784,95.184,71.526,67.751,91.77,12.899,50.08,30.455,70.642,2.374,8.724,4.554,51.78,97.252,6.268,63.441,47.058,44.562,79.254,19.156,75.949,28.155,60.658,47.825,91.476,1.075,66.474,96.265,28.01,64.423,66.429,25.581,72.424,30.679,12.971,4.339,36.122,87.079,80.479,29.423,39.51,6.564,62.901,11.053,12.196,33.623,33.396,74.52,57.122,13.316,72.075,75.984,99.851,68.463,12.79,23.202,96.01,42.326,86.063,69.245,13.048,8.509,37.777,78.11,71.077,80.074,59.991,75.85,94.094,55.432,71.531,90.622,82.317,49.111,47.612,43.795,37.107,6.357,50.01,46.472,7.646,78.983,60.647,8.402,97.096,22.321,45.647,63.586,16.074,27.773,47.655,3.883,36.125,58.693,31.909,73.926,40.989,50.981,82.904,64.52,79.037,82.83,22.335,11.347,55.552,68.559,49.863,97.448,65.732,77.886,72.791,4.005,62.638,79.536,34.784,48.446,31.9,33.145,19.271,56.873,76.723,53.933,32.529,66.167,72.029,3.297,90.053,82.724,60.095,76.721,58.353,44.806,67.427,31.62,3.11,41.058,51.656,84.744,89.641,0.843,97.712,73.888,96.353,7.47,35.512,45.864,65.673,18.591,68.678,34.637,68.244,34.824,1
75.576,67.377,26.698,93.697,84.942,45.018,93.906,51.615,59.348,41.318,46.798,96.769,87.453,53.805,80.249,92.713,16.474,71.581,72.992,97.495,79.906,76.229,3.128,3.87,77.963,67.914,0.915,27.723,76.903,61.855,49.449,96.99,98.717,78.229,29.505,10.565,44.359,66.867,53.741,1.562,94.359,9.478,88.772,95.256,98.557,55.195,40.885,8.182,41.844,95.104,14.893,43.34,76.959,30.062,94.722,49.757,69.57,56.295,41.443,8.216,80.52,97.966,50.208,46.62,1.378,24.219,32.63,77.656,69.294,65.961,22.413,75.472,46.358,13.46,84.011,65.941,77.268,56.629,61.356,48.288,89.214,60.072,81.087,5.984,21.379,77.58,26.078,96.051,51.343,10.11,46.404,62.433,87.835,50.021,58.989,14.273,40.394,57.361,28.363,2.233,85.507,12.121,92.909,68.009,5.919,51.166,76.78,28.841,13.59,8.374,26.429,35.727,37.896,37.159,51.01,12.47,46.372,59.468,89.754,47.463,2.157,27.123,90.353,46.029,19.781,84.288,35.41,38.133,68.263,29.602,97.25,79.395,78.204,33.06,37.994,31.52,87.534,67.175,20.55,7.304,33.656,10.922,6.646,59.187,92.016,2.702,13.751,37.918,48.88,24.785,40.201,58.306,5.276,3.305,87.114,17.654,97.777,30.929,16.395,86.461,78.418,43.774,98.633,24.434,75.412,81.63,56.054,66.977,31.596,42.442,12.369,40.936,96.332,31.267,76.445,57.088,61.111,27.013,14.167,79.211,8.527,27.521,82.703,31.458,43.859,77.398,87.789,53.532,15.422,52.997,71.984,62.487,6.003,10.647,85.151,58.053,85.21,31.094,3.14,79.907,13.357,34.734,37.044,22.999,34.781,5.596,20.625,66.966,93.295,33.326,64.484,50.798,3.026,2.802,80.587,31.615,87.286,71.607,50.848,58.591,88.252,63.045,45.106,21.182,25.925,78.993,29.469,13.151,18.083,70.374,47.336,48.866,25.311,77.86,27.347,39.052,79.432,24.528,30.612,28.231,5.287,43.476,38.653,53.207,51.103,13.572,29.765,43.439,96.028,67.16,36.415,36.501,20.789,46.264,22.787,88.597,99.754,35.164,65.159,29.025,80.446,2.07,10.068,12.128,88.595,25.416,46.779,85.971,25.328,97.776,73.114,60.305,4.352,75.567,6.045,83.386,61.45,98.623,22.255,84.241,74.317,46.873,44.036,14.332,95.22,36.057,93.808,79.401,70.666,29.665,12.438,39.424,5.677,13.17,5.872,82.523,74.952,97.853,77.699,29.715,67.399,59.749,93.442,25.866,26.744,15.455,55.681,35.749,68.568,24.28,9.081,85.116,59.153,26.46,41.414,26.256,92.646,30.629,69.865,1
71.125,35.404,45.642,50.707,11.597,44.863,19.305,10.919,70.963,28.79,72.788,65.875,14.373,72.935,52.908,13.272,14.507,68.278,90.223,16.14,59.97,20.867,86.25,91.423,47.58,10.236,40.866,81.57,71.049,76.645,27.677,4.043,72.84,38.944,66.378,9.93,16.337,37.777,50.464,95.7,96.482,35.022,93.772,70.735,80.466,53.19,60.31,3.786,77.494,29.195,63.643,58.766,16.971,94.631,52.589,71.817,13.483,77.984,89.992,49.037,79.459,18.256,62.495,31.835,26.499,91.065,22.924,63.875,88.025,19.353,78.754,71.545,52.003,21.595,41.823,74.618,18.711,82.487,34.471,4.106,13.795,0.142,44.102,16.513,25.746,89.403,62.664,95.376,69.691,38.537,87.721,66.648,38.266,79.007,83.132,21.658,49.672,36.119,35.647,24.863,96.959,35.61,0.43,56.779,19.455,55.611,22.198,66.527,56.834,36.135,47.631,20.959,23.294,44.929,82.96,22.774,98.241,61.23,98.89,88.909,27.516,8.563,31.134,33.989,89.372,76.719,68.436,45.387,91.245,37.312,63.89,89.512,2.68,14.938,54.411,1.854,60.75,47.207,17.282,56.078,62.826,8.539,15.662,75.317,52.245,84.527,97.548,34.717,24.531,99.597,69.968,57.023,77.243,13.14,20.971,81.286,81.069,90.693,89.367,51.609,46.456,35.078,46.024,44.548,62.106,19.77,19.661,81.905,55.08,53.843,79.437,86.372,88.599,28.301,6.704,33.622,16.93,79.53,27.968,94.682,93.276,4.708,51.324,54.626,49.362,34.955,70.067,48.459,34.068,54.121,94.949,0.489,33.878,75.306,30.366,4.309,61.861,90.873,17.598,24.811,41.23,29.127,39.335,44.531,50.171,95.543,10.438,91.127,28.803,68.98,3.936,79.323,91.886,65.13,27.039,66.213,91.33,68.198,68.877,90.666,14.624,48.699,38.607,66.24,92.907,60.477,20.119,57.399,28.654,42.574,87.882,94.752,75.216,37.766,25.641,3.351,55.591,67.878,67.202,69.498,56.364,73.578,86.489,69.647,83.593,35.99,31.467,27.073,7.538,75.144,5.46,64.563,93.724,45.773,15.124,42.879,94.962,50.4,62.481,65.312,45.002,61.115,31.703,45.451,5.238,96.702,27.874,21.276,84.351,43.116,26.597,67.579,59.764,99.834,92.63,25.868,24.685,93.65,54.658,27.041,0.274,3.928,62.827,20.091,34.456,80.18,83.8,37.327,78.637,17.843,43.211,69.724,58.949,75.685,83.368,77.346,94.047,22.058,96.903,72.526,46.962,20.834,34.229,49.632,14.098,38.939,48.377,18.459,7.237,85.263,0.486,55.257,34.141,65.973,86.252,34.893,58.698,36.741,14.186,1
18.163,77.559,38.066,0.691,53.965,72.398,0.084,87.232,91.687,81.12,21.286,65.336,4.618,95.373,3.083,90.187,26.867,82.115,97.554,82.181,40.566,65.424,12.501,51.558,43.368,93.621,26.697,89.003,60.206,85.912,86.574,80.27,81.637,2.761,49.834,4.351,4.398,49.872,93.864,9.931,27.8,23.961,87.188,3.139,5.088,27.778,59.125,72.957,66.048,99.183,89.174,28.371,38.752,43.768,66.032,63.693,84.76,38.158,50.373,70.253,43.666,87.499,90.655,89.204,70.787,79.999,83.245,73.905,25.497,37.466,50.159,42.908,52.352,29.047,53.921,49.947,6.707,17.034,50.59,88.238,62.777,25.069,72.579,60.436,50.057,17.312,20.724,25.824,57.195,8.216,16.103,20.495,21.88,86.952,83.45,52.415,84.08,91.831,12.267,56.319,2.381,46.103,82.22,21.162,96.984,66.182,0.672,71.837,94.808,25.857,78.057,41.991,92.366,48.298,36.338,82.763,26.592,73.409,46.466,69.573,39.059,29.67,41.769,58.91,23.067,8.452,9.873,68.562,73.859,37.058,65.291,49.155,78.691,66.736,45.012,81.459,93.221,81.642,71.958,38.487,86.133,48.066,39.405,56.214,12.572,50.013,73.739,34.202,64.076,58.612,31.085,88.046,92.657,7.061,36.376,28.752,62.321,51.941,52.922,59.328,50.128,99.607,46.802,29.909,27.587,16.661,43.112,68.694,55.401,69.234,41.415,60.732,59.491,53.621,78.364,23.216,52.619,78.512,27.563,6.17,80.041,13.969,41.489,96.009,20.217,3.742,16.223,86.672,25.694,5.561,8.896,69.63,99.982,82.076,23.907,82.08,89.684,10.849,11.204,86.886,26.285,2.145,35.364,50.177,32.338,52.307,31.978,13.343,28.955,15.348,39.27,34.36,27.648,41.207,45.746,25.295,45.482,95.37,21.112,7.286,45.307,57.187,54.621,65.017,45.628,92.543,65.673,32.818,96.888,95.524,91.387,43.203,87.677,65.705,20.333,84.097,71.205,57.517,71.059,74.455,43.736,25.034,46.398,53.388,14.087,94.455,38.707,4.591,12.267,61.473,58.315,11.084,82.223,73.497,12.891,86.071,93.427,30.652,47.053,70.368,16.812,19.593,80.171,68.4,53.668,13.739,52.521,36.189,11.692,96.61,45.757,43.411,56.459,83.846,88.645,4.861,81.265,0.392,65.498,93.055,84.92,81.319,60.672,5.813,78.663,62.015,85.606,74.121,86.387,83.668,18.787,95.511,45.42,10.086,12.861,77.585,80.165,63.694,57.213,63.391,89.904,73.101,38.269,82.626,81.551,72.313,41.707,18.287,3.565,39.069,42.502,21.707,79.199,60.163,98.541,35.281,52.192,28.795,73.179,1
12.823,24.058,53.846,95.441,1.449,5.365,49.452,31.337,85.513,75.672,83.818,6.555,27.365,15.962,14.114,28.308,29.753,75.302,34.653,48.786,36.907,75.997,74.563,21.236,86.712,94.166,51.549,85.497,63.965,88.197,60.81,46.563,13.971,26.983,30.228,78.773,8.604,90.73,1.202,48.422,66.927,17.389,67.768,70.26,24.153,92.862,75.649,48.896,62.96,22.061,43.617,34.315,44.084,6.487,12.727,35.697,94.701,33.755,30.998,92.675,28.81,93.761,17.972,38.963,42.799,33.959,68.334,58.01,79.864,57.71,86.996,60.722,17.923,70.78,83.227,96.172,34.575,93.374,9.822,88.47,83.051,22.258,24.956,5.054,15.76,61.873,74.085,97.243,64.403,33.056,18.094,28.802,44.646,18.894,70.486,83.223,6.987,13.16,86.487,86.455,22.105,91.896,68.866,10.964,98.64,34.664,24.242,69.682,36.263,46.196,92.009,94.893,80.204,8.428,73.94,42.142,67.334,98.302,3.36,92.614,39.16,65.344,67.297,59.804,4.586,71.714,83.416,18.959,25.119,21.559,26.705,25.098,82.371,74.875,56.343,79.438,58.824,25.288,15.631,76.015,92.327,0.746,5.637,62.925,16.515,88.919,44.144,71.78,23.898,15.721,50.861,84.718,50.727,88.25,44.604,54.537,66.865,10.642,60.158,21.83,54.041,37.213,3.949,4.36,4.339,6.0,42.3,63.414,14.051,51.448,86.047,64.539,47.584,44.594,33.071,40.249,55.153,12.06,16.57,65.807,96.393,65.422,24.133,27.422,42.116,21.66,18.381,28.704,37.854,64.851,97.214,67.015,85.567,52.836,93.827,77.122,33.418,74.856,73.485,33.29,46.554,49.508,31.358,98.811,6.799,98.934,36.645,78.761,84.313,49.97,56.888,38.66,70.364,56.632,91.312,40.839,78.907,1.261,78.564,64.057,76.913,92.834,70.534,44.77,31.478,18.234,84.301,73.676,51.584,63.743,8.828,56.395,18.401,88.73,32.607,73.235,33.851,47.996,58.787,36.827,72.034,45.316,13.046,48.467,41.321,27.302,28.474,93.571,30.688,5.742,61.883,47.186,54.512,22.068,48.669,17.894,55.956,12.186,61.993,20.032,63.837,14.86,89.249,67.117,60.611,16.62,63.796,3.294,71.63,67.371,94.419,30.561,39.412,13.309,26.03,46.087,43.252,64.641,59.165,32.842,60.346,92.115,46.784,93.383,65.923,65.627,75.152,40.287,68.704,2.405,95.088,43.83,15.583,30.345,43.094,39.213,60.757,68.783,22.198,92.928,81.958,68.001,56.507,30.93,51.804,50.556,87.88,74.34,90.542,1.64,32.698,57.928,33.42,63.321,16.517,47.672,18.436,38.032,75.078,0
21.072,91.31,14.275,44.793,81.462,48.784,63.201,30.417,82.791,41.287,54.03,71.761,71.16,47.358,5.485,68.202,46.752,19.244,67.197,24.096,63.803,87.524,97.814,41.619,10.536,35.344,93.734,29.826,72.887,38.634,54.685,98.032,87.009,39.586,50.215,54.89,75.775,74.621,69.54,95.573,94.265,61.607,16.941,97.186,60.407,98.498,88.949,75.391,68.018,79.631,65.001,90.908,36.023,52.014,42.724,70.728,41.709,8.668,66.722,27.307,85.009,97.502,22.786,65.577,86.883,54.446,54.446,12.131,57.93,19.061,46.892,58.562,80.45,64.54,78.999,20.349,96.556,60.247,78.505,63.164,60.992,80.705,9.106,67.345,15.775,93.038,2.78,38.556,9.58,76.438,18.038,0.59,15.329,57.994,36.381,21.625,92.818,24.237,82.597,63.716,68.573,67.889,29.109,0.487,55.331,7.955,48.503,18.359,12.219,59.48,42.645,18.73,83.374,18.293,34.768,1.817,84.817,24.488,66.309,45.65,63.56,39.885,57.53,68.926,0.78,0.57,10.52,58.183,99.768,74.868,95.122,37.622,34.275,95.948,21.257,75.776,93.901,84.994,52.96,25.718,21.872,86.387,90.967,48.096,37.272,7.273,28.468,49.281,43.536,11.527,46.52,62.636,89.791,68.995,45.22,13.337,14.063,96.736,90.611,84.377,5.323,62.324,65.679,73.278,51.967,86.105,54.532,72.709,28.303,71.34,64.151,17.872,20.49,11.326,66.607,1.262,37.466,60.03,71.019,17.795,69.789,54.638,13.883,73.603,35.03,71.14,38.438,36.095,65.554,4.293,16.403,22.024,9.873,46.732,34.632,29.013,52.913,90.536,21.511,89.054,49.411,2.657,74.93,8.344,44.593,11.082,80.32,98.722,46.828,82.934,53.702,73.685,95.308,0.706,31.986,33.309,50.72,87.467,75.401,43.231,23.386,1.574,17.112,61.479,29.887,48.333,80.692,94.282,20.872,85.713,28.291,67.371,36.101,19.739,60.833,28.101,7.426,66.474,2.747,32.235,31.973,52.762,50.18,16.382,29.121,92.909,44.658,23.268,49.657,25.05,45.208,49.214,73.384,55.913,72.608,99.619,65.041,39.27,65.988,83.078,33.974,50.994,32.193,71.789,0.778,49.755,16.342,16.7,64.124,98.19,24.237,72.508,54.85,56.471,11.78,68.96,90.777,13.044,36.101,8.999,15.765,82.642,25.562,42.718,19.545,38.335,3.103,88.579,59.654,36.388,17.877,4.146,31.48,6.614,46.906,71.326,27.317,95.096,80.197,71.902,46.089,66.829,27.152,35.164,81.2,43.993,43.563,51.022,40.554,19.524,65.736,16.353,95.533,79.317,82.946,44.783,66.024,2.524,63.472,0
94.003,54.241,65.764,12.047,6.244,12.43,99.679,94.883,27.437,90.879,69.87,49.985,69.52,46.472,41.609,7.123,86.051,12.925,56.449,73.779,9.643,3.901,15.328,9.456,42.217,33.111,93.199,48.317,94.763,75.838,4.012,88.431,66.548,55.512,25.158,98.518,95.725,30.533,50.48,16.216,46.045,13.598,86.204,72.853,5.932,91.741,63.611,64.433,18.259,26.777,56.403,47.43,23.572,70.875,49.885,97.847,95.732,61.94,87.641,19.017,62.862,33.945,47.26,68.446,1.59,70.003,25.494,89.428,61.241,57.533,40.088,42.369,71.387,79.991,30.833,38.412,53.372,26.657,67.733,24.846,55.724,31.91,75.88,79.606,34.68,71.011,60.281,55.307,55.286,66.151,40.526,78.903,15.552,24.893,97.331,86.652,83.044,85.689,89.495,93.908,63.077,5.652,10.436,42.413,24.584,77.954,11.669,69.116,13.319,37.44,68.971,25.543,68.904,34.337,97.229,41.56,40.115,79.971,52.818,41.959,88.689,19.496,45.937,28.331,26.634,36.307,71.66,74.02,88.403,94.33,20.339,87.126,93.402,8.405,10.525,33.953,88.941,26.498,99.163,33.245,64.155,16.67,81.295,63.178,53.148,29.928,85.629,76.828,37.857,50.567,89.923,7.459,62.404,12.302,90.985,27.311,49.112,61.045,90.208,66.063,28.827,58.664,87.844,99.07,17.353,44.093,20.43,21.441,90.741,61.832,88.215,37.466,64.515,81.198,36.013,85.407,6.116,31.608,11.923,36.858,94.387,7.529,52.903,85.663,48.011,56.884,91.74,89.768,4.872,95.786,81.277,55.771,26.008,74.015,99.764,2.571,50.317,14.031,40.45,29.986,95.014,74.279,53.507,68.055,97.848,93.977,30.854,74.478,98.779,63.569,92.092,63.19,1.325,42.072,74.345,38.926,72.539,37.762,86.492,62.666,24.235,44.587,30.951,10.244,81.205,79.898,79.58,51.887,49.108,95.575,62.883,38.576,0.895,7.753,77.274,43.777,35.0,0.899,10.748,16.469,0.223,72.715,19.101,41.531,0.165,25.432,5.27,91.036,48.06,55.792,81.136,54.113,78.92,96.224,51.144,22.684,13.366,92.55,6.008,39.111,7.995,74.753,61.71,29.536,37.193,85.047,61.848,76.286,61.789,81.441,75.245,45.266,87.51,16.393,93.144,64.733,28.592,27.826,26.969,25.739,1.384,47.569,84.219,16.958,70.556,53.326,42.314,71.84,35.396,36.821,51.882,92.661,32.206,59.897,86.714,27.326,97.529,65.97,69.753,21.334,75.352,48.978,76.489,50.384,59.303,2.871,31.439,47.786,46.923,82.079,64.131,84.862,20.898,44.358,1.587,31.188,62.573,4.036,58.663,1
72.976,53.549,31.646,77.188,81.731,22.989,5.567,23.638,97.308,43.365,2.542,13.337,35.556,55.154,40.981,63.272,38.307,71.669,85.459,41.914,35.723,67.651,90.72,39.28,90.675,32.665,8.189,17.141,5.694,50.041,12.953,16.519,13.678,31.08,65.54,91.488,52.64,87.645,13.066,27.742,58.243,6.089,34.904,78.618,63.32,32.165,37.35,33.637,80.11,64.091,47.063,45.316,72.99,59.071,3.807,44.726,89.451,92.115,92.654,77.344,32.274,89.605,48.584,85.971,56.013,74.948,72.675,72.742,74.991,33.026,17.046,94.317,93.821,74.447,82.945,41.931,79.311,84.57,5.138,65.967,80.543,77.286,85.21,85.192,58.899,63.454,17.516,27.375,68.565,84.751,42.81,87.737,20.903,62.417,49.635,67.864,58.48,93.557,61.656,14.221,81.993,66.477,33.942,3.805,0.092,56.027,75.961,34.249,71.45,94.134,28.287,41.485,73.98,46.979,32.016,83.716,54.336,6.919,99.319,67.571,60.827,48.207,70.543,33.371,61.503,41.723,31.229,72.302,74.784,2.177,5.955,35.417,2.242,79.06,20.449,88.514,7.623,52.721,49.818,49.603,44.882,52.128,65.071,90.193,99.66,89.31,18.859,21.851,50.759,28.686,71.19,61.297,48.096,80.445,80.54,4.827,24.521,98.542,73.799,67.737,6.116,81.52,29.188,8.684,65.011,24.98,65.269,86.502,5.422,18.073,1.589,60.489,19.922,22.252,91.059,54.029,73.116,68.415,6.681,58.035,92.98,48.552,97.644,93.18,49.867,45.769,46.378,24.017,41.604,76.524,45.614,31.115,34.859,33.082,88.563,20.803,89.951,50.426,61.338,80.592,69.581,20.204,77.152,72.192,10.788,5.052,38.182,20.432,31.513,20.542,82.259,53.736,73.158,13.529,69.115,18.859,94.62,8.224,36.522,74.521,6.983,97.38,52.002,33.636,78.547,46.451,14.326,25.04,43.216,80.028,42.259,38.551,28.144,10.612,63.224,12.33,82.49,30.571,50.704,43.698,10.736,93.626,97.858,95.918,56.249,24.468,98.875,66.09,45.317,87.875,89.148,45.361,5.453,58.313,5.368,56.679,82.505,91.823,34.488,66.67,15.768,74.053,77.498,36.122,62.0,45.395,76.841,16.081,54.62,53.701,53.072,76.651,60.259,8.463,66.99,82.725,58.947,96.086,83.015,35.824,8.255,67.87,33.381,58.238,74.914,70.039,27.63,83.621,39.358,99.977,99.844,43.256,76.746,14.438,82.467,0.591,25.783,96.853,16.988,87.302,97.829,87.886,73.741,37.568,53.834,33.023,49.371,0.934,6.913,58.792,76.209,59.912,34.665,4.505,89.329,30.126,45.143,4.349,93.332,0
42.352,14.325,64.168,34.371,4.446,12.817,50.351,2.786,79.746,30.959,7.672,48.356,71.109,82.866,49.529,26.985,85.062,4.289,24.819,41.361,22.156,29.807,74.653,58.741,12.75,68.523,8.78,88.524,35.005,32.361,17.749,34.531,64.76,71.756,71.163,66.664,20.122,12.55,56.155,39.961,68.727,50.212,92.043,95.947,68.006,42.29,88.451,52.107,50.809,34.753,74.272,10.981,32.51,83.585,67.734,8.095,42.137,55.968,58.227,30.152,4.315,23.951,93.422,23.898,25.088,63.923,34.164,88.261,31.358,69.56,11.657,90.651,21.908,58.701,41.533,18.788,13.17,90.63,93.111,51.076,37.319,60.699,6.738,12.866,94.88,64.124,42.966,56.751,84.566,89.198,55.804,75.981,87.736,57.973,55.345,52.559,57.107,82.728,62.747,99.04,73.953,8.527,42.486,22.447,34.75,49.466,5.095,70.862,38.868,87.505,98.923,18.043,34.754,56.34,7.858,25.044,23.506,94.129,13.414,28.157,58.641,71.849,0.998,48.786,20.38,10.792,60.594,57.067,50.241,42.525,46.669,68.217,1.698,52.417,66.736,22.622,38.831,42.006,14.991,19.265,41.323,34.83,47.045,64.117,35.279,45.477,39.159,73.141,16.62,60.799,30.939,6.488,79.926,87.987,83.81,70.994,21.709,74.449,46.877,1.847,75.24,30.854,52.376,70.945,30.461,69.476,38.094,74.815,32.488,68.351,22.927,34.154,41.316,11.594,51.485,75.28,1.287,24.283,97.56,0.331,84.307,85.695,67.26,71.987,32.952,66.62,41.308,13.874,6.711,33.484,91.848,96.777,87.462,71.017,9.389,93.012,50.252,7.86,48.443,60.29,80.954,20.91,39.131,38.494,22.854,65.093,93.851,30.372,17.519,7.364,24.626,41.415,84.905,58.151,27.988,1.017,20.105,68.387,61.111,71.713,66.784,60.122,98.789,3.087,22.491,36.123,34.504,68.85,66.629,10.766,20.087,71.049,73.964,12.614,68.927,95.285,33.002,45.163,9.814,63.136,4.744,80.624,78.367,24.952,36.915,50.133,55.545,45.608,6.706,70.101,77.287,32.976,28.404,85.432,29.211,54.181,7.225,35.554,79.932,59.939,50.533,50.768,89.946,90.932,90.693,7.384,12.08,58.71,44.172,41.366,57.434,24.609,72.588,40.821,35.205,41.393,34.638,50.814,99.512,95.881,70.314,80.496,38.673,83.968,65.551,65.655,70.843,56.355,81.46,88.937,95.699,56.272,56.19,26.354,77.87,18.971,85.246,81.44,74.035,31.984,48.026,80.879,40.928,39.509,72.183,23.771,54.233,84.424,34.326,33.994,77.694,95.662,91.563,70.703,58.262,9.04,36.75,34.668,40.028,1
51.557,14.165,20.829,69.697,97.297,78.43,36.459,93.582,59.115,18.827,80.707,92.368,57.917,28.478,15.423,45.967,41.507,10.608,77.5,67.135,40.976,70.547,49.272,4.159,93.605,13.581,66.894,2.907,85.792,22.349,63.389,21.466,93.982,10.02,6.669,1.141,91.296,61.781,39.602,47.674,97.85,44.288,94.426,19.934,44.38,29.524,25.022,22.379,89.582,36.16,48.301,46.0,10.064,62.893,0.251,40.563,85.712,49.038,28.7,86.198,19.379,40.804,47.832,31.765,39.109,45.059,60.104,7.589,25.126,59.699,59.034,74.27,34.172,98.773,89.427,65.38,49.515,96.692,71.868,5.008,35.379,96.811,42.876,12.451,84.983,33.052,98.102,13.66,58.98,17.61,83.912,41.957,31.624,98.444,77.736,89.459,68.642,56.355,51.568,30.586,84.942,77.958,38.611,83.198,60.84,46.685,73.332,4.089,7.034,57.991,5.56,88.897,3.492,20.963,50.647,32.023,39.249,91.767,70.909,63.08,72.846,28.306,84.455,75.324,23.198,57.374,96.942,55.447,27.629,21.067,57.438,31.796,57.524,49.781,52.368,14.345,20.113,1.327,29.379,93.251,54.156,25.312,79.295,17.514,63.026,10.356,96.648,58.292,4.185,75.57,60.116,85.982,1.44,29.381,66.183,28.269,82.569,31.351,44.848,62.486,82.044,3.635,68.324,76.033,13.952,55.782,70.971,67.938,98.726,38.919,43.021,99.374,38.724,16.532,72.791,57.724,32.018,99.535,7.103,20.201,94.899,30.974,64.767,56.418,81.811,47.038,21.787,46.114,29.02,69.972,19.442,52.805,51.053,40.747,16.108,75.623,66.451,63.364,87.26,81.894,70.564,18.036,75.211,24.236,16.684,0.441,12.241,93.34,55.924,55.093,11.722,22.326,86.712,7.768,46.99,41.496,34.112,82.921,40.599,45.232,7.148,13.66,70.435,87.385,66.489,55.267,13.477,3.337,22.767,92.187,53.067,98.257,44.391,80.383,26.982,35.752,62.425,90.815,23.823,83.596,20.921,1.296,43.791,52.986,11.076,87.191,16.975,75.962,47.215,92.882,37.801,34.16,88.044,6.414,92.343,28.18,84.153,47.662,25.876,36.349,69.438,30.917,22.888,35.64,17.77,44.34,30.045,80.676,67.792,94.913,51.821,14.622,85.607,13.95,41.926,84.363,60.354,96.714,70.72,81.637,36.53,10.423,92.549,81.893,31.467,43.278,89.315,78.735,54.345,34.432,31.977,42.782,73.603,49.445,3.708,36.827,66.102,75.091,84.642,53.206,97.056,54.46,50.4,20.952,6.771,58.289,25.918,32.361,6.053,75.94,32.004,95.307,5.162,92.174,29.92,74.555,34.41,20.275,24.104,0
77.743,57.808,24.421,62.367,88.574,13.841,76.931,45.207,33.9,31.679,88.063,33.724,47.051,53.047,95.269,13.348,19.238,54.392,82.389,20.253,16.619,26.934,67.723,87.386,14.534,8.867,11.01,52.533,67.172,77.29,71.526,68.802,90.927,37.783,93.552,95.858,25.094,41.797,80.543,95.267,99.766,63.26,2.459,68.453,34.454,99.358,46.958,75.742,75.21,69.506,41.321,9.598,99.088,18.921,12.285,61.071,17.885,57.191,28.052,77.189,71.272,17.57,96.253,22.292,51.043,69.721,86.704,76.429,85.529,18.543,24.065,57.977,86.754,9.479,50.18,27.457,36.806,6.442,53.916,16.419,53.877,52.984,92.246,23.904,26.128,0.36,89.054,34.716,22.466,20.303,91.486,50.509,43.109,19.078,66.774,87.108,0.907,98.385,57.957,75.501,95.122,36.029,10.026,82.832,50.375,71.379,65.424,9.238,14.776,73.914,36.669,52.451,17.262,53.989,90.722,31.373,29.217,62.511,29.806,38.66,68.522,52.385,87.323,53.827,21.09,57.662,85.104,54.437,17.709,59.798,65.107,28.948,46.683,87.512,21.347,20.934,39.663,24.409,85.193,29.351,4.188,46.909,74.422,96.745,15.225,76.949,23.562,20.748,89.055,31.16,4.91,82.537,28.398,88.628,49.961,57.096,63.169,43.311,99.874,25.413,65.2,22.257,99.723,3.457,94.279,6.106,95.075,9.792,41.205,76.86,43.153,98.473,97.109,52.416,36.283,31.815,7.237,75.013,53.342,33.129,61.532,92.643,95.132,15.226,89.506,35.2,76.381,10.409,0.183,31.22,42.699,3.639,73.111,77.414,74.746,73.977,79.038,18.266,38.947,0.613,41.884,1.759,10.39,26.185,66.012,19.925,82.931,62.426,90.901,71.906,89.121,13.41,31.226,7.259,2.391,38.886,49.161,54.435,31.945,47.064,92.99,84.837,14.75,7.615,34.915,87.485,91.118,27.381,89.691,77.419,57.224,34.655,74.254,84.714,1.399,7.626,6.767,92.5,68.702,75.595,61.654,37.486,16.893,66.122,2.553,34.606,93.013,3.043,42.565,44.451,25.258,33.982,93.009,65.706,77.62,49.962,8.058,45.508,76.036,35.683,73.554,6.599,56.291,79.964,55.24,16.583,75.374,57.899,15.661,82.069,17.99,95.821,90.047,7.222,78.614,18.1,50.901,85.953,68.007,13.869,84.474,87.294,54.754,12.02,81.535,41.706,43.011,33.416,4.549,32.761,5.705,73.667,98.685,13.587,74.984,60.014,23.168,60.078,23.861,24.706,96.421,75.04,36.537,74.187,16.839,25.06,39.743,15.196,97.317,56.115,50.583,28.171,4.727,91.259,94.881,96.946,83.979,48.183,39.298,1
21.049,58.403,26.602,84.298,56.214,35.636,52.455,19.108,98.534,52.274,64.057,82.113,28.748,41.146,24.579,12.804,64.885,51.534,81.214,33.27,5.723,82.987,93.735,51.116,49.558,10.581,58.455,83.627,11.792,12.526,21.14,48.823,10.477,61.429,48.33,28.894,47.052,69.087,56.8,69.182,47.167,48.443,25.142,71.426,2.956,71.003,35.654,52.787,88.966,68.781,91.536,52.996,32.955,93.343,75.431,47.886,78.073,59.888,40.486,94.563,44.248,21.912,37.845,5.805,29.218,88.165,46.996,10.354,0.668,10.562,0.157,43.636,59.421,50.107,15.385,84.019,13.276,53.348,94.412,62.515,0.475,21.595,24.707,36.502,40.215,13.673,60.77,70.855,48.315,44.116,13.24,91.803,41.874,28.967,55.892,5.132,66.644,9.865,19.63,46.988,6.95,31.51,26.162,64.753,6.706,33.83,48.748,88.641,15.673,82.996,94.681,23.004,61.328,1.142,95.632,76.287,35.79,59.942,13.565,69.819,84.926,4.177,65.346,98.168,18.821,60.009,55.885,46.799,23.674,70.482,3.02,8.409,61.94,60.241,83.577,30.458,97.827,27.233,48.944,67.196,65.42,85.621,3.694,76.085,95.276,3.985,98.293,45.882,6.785,31.003,82.288,38.936,86.019,57.496,94.581,23.301,38.495,77.98,3.132,20.057,68.717,2.124,47.014,90.852,40.147,90.394,72.93,9.657,5.118,86.524,2.018,81.036,70.576,49.691,88.366,42.931,63.913,89.041,3.17,85.549,91.191,80.512,89.784,50.286,79.299,45.632,45.392,6.835,71.891,95.289,57.617,10.087,32.027,46.259,23.16,24.725,76.32,11.871,26.369,85.901,43.965,55.593,71.388,44.925,91.291,94.089,38.504,80.922,69.424,54.922,6.668,96.88,84.102,58.685,11.767,84.95,75.814,62.379,84.787,50.889,91.18,16.46,57.745,67.377,6.398,87.919,2.583,52.983,9.992,69.569,67.739,56.026,33.473,36.791,46.52,22.691,70.616,27.81,45.573,41.633,12.398,32.086,56.549,97.094,2.18,82.158,43.521,62.225,25.545,54.744,92.197,9.548,74.973,0.227,5.911,73.423,3.621,44.456,41.03,14.9,77.423,99.485,5.092,42.281,96.899,4.035,76.873,60.727,15.891,41.112,74.058,17.646,56.182,66.172,33.019,79.203,15.387,92.393,74.264,25.862,58.869,48.542,82.283,59.921,89.613,37.483,79.696,64.208,59.656,68.965,81.245,40.787,82.401,32.17,27.586,73.276,36.623,90.134,46.144,56.029,97.837,66.7,72.704,95.475,48.431,6.693,5.984,70.085,18.751,58.697,69.586,35.461,71.395,5.514,43.016,80.658,45.959,55.825,19.504,1
0.202,63.518,47.546,92.839,70.064,25.719,96.301,15.781,37.702,79.327,4.674,12.092,90.038,40.901,39.685,49.42,35.212,48.03,99.966,43.782,99.061,88.135,57.565,70.662,68.853,10.259,42.997,74.129,32.58,41.043,79.676,29.563,99.958,45.852,56.947,60.749,2.351,29.411,51.172,62.907,48.708,71.929,46.185,13.549,86.461,84.819,43.84,14.384,34.774,24.657,7.186,64.035,99.132,57.455,31.857,30.898,42.101,88.579,12.611,41.854,82.616,38.395,46.739,89.133,15.758,65.337,68.205,43.584,2.144,69.37,10.75,71.003,70.294,3.281,81.314,39.287,6.467,25.737,70.157,87.085,47.126,9.36,13.507,79.296,67.201,81.554,71.221,38.388,43.543,97.014,28.649,0.425,23.431,63.492,27.772,62.721,65.193,69.161,41.187,56.52,22.125,22.366,16.666,96.632,74.541,91.349,46.636,66.553,36.569,88.947,23.976,96.702,3.202,33.293,22.435,11.574,37.816,80.646,85.726,75.721,91.262,56.009,29.661,33.225,37.229,40.876,31.53,3.017,1.113,73.507,66.559,98.178,0.84,96.402,15.644,94.627,3.612,39.848,49.271,79.784,28.929,12.671,19.095,92.839,58.668,83.737,96.732,54.616,43.402,17.333,93.367,56.132,59.67,87.426,24.651,43.089,3.499,64.816,33.473,34.584,36.62,48.257,76.136,58.738,75.529,69.479,36.323,86.6,20.076,87.749,25.046,33.458,6.692,97.926,45.434,19.789,76.523,25.118,86.812,52.996,1.989,6.614,99.358,42.311,15.95,19.736,26.884,76.329,39.671,68.324,7.695,14.87,69.991,91.594,77.002,24.826,81.241,12.751,67.515,26.171,87.875,44.965,74.146,51.006,98.022,0.241,26.977,69.099,16.782,72.054,7.23,55.837,27.247,77.439,55.556,87.972,65.83,24.626,76.805,94.84,55.38,76.431,86.453,72.741,73.327,11.939,13.576,40.185,10.997,75.408,60.147,0.829,1.421,85.168,32.363,54.184,59.277,87.262,32.97,65.438,98.925,4.18,12.074,1.608,21.663,71.24,2.516,99.397,55.287,74.108,69.488,89.318,33.91,98.093,71.02,34.127,64.157,72.066,65.729,81.036,59.131,3.804,18.438,10.566,23.591,6.849,41.093,41.484,30.346,2.204,13.71,63.637,16.076,95.601,29.061,43.016,44.802,42.203,25.828,50.572,14.903,68.542,72.723,56.598,86.395,39.654,15.869,45.704,80.873,62.189,82.358,78.342,26.346,90.145,72.438,59.882,84.724,38.879,86.198,14.864,24.469,7.903,84.343,74.509,36.944,96.862,35.395,71.543,87.17,75.901,39.074,49.097,86.062,51.229,9.655,2.27,97.997,62.362,84.936,1
23.512,50.131,67.541,39.609,64.925,39.794,35.171,52.836,14.417,72.411,93.207,87.751,19.003,88.769,76.886,84.702,2.297,99.618,99.322,89.335,97.899,55.258,48.92,25.467,91.685,41.322,89.26,66.95,56.851,81.474,93.244,36.304,25.13,54.409,11.857,74.587,68.783,85.524,20.008,24.54,88.451,3.614,21.925,27.13,81.558,27.925,14.076,63.907,51.496,35.287,54.573,50.995,58.951,1.518,61.191,37.289,61.322,17.778,66.43,59.79,81.024,95.187,43.559,16.323,23.999,53.887,8.291,17.402,34.046,90.577,12.277,20.586,73.953,70.372,99.945,96.525,63.478,47.03,56.102,74.84,95.097,16.1,96.19,92.831,85.02,13.42,51.392,8.793,45.435,8.067,97.316,42.049,56.403,36.285,91.417,13.352,38.657,75.84,28.626,45.483,77.695,66.695,27.757,99.398,83.894,28.187,24.671,7.322,74.298,18.628,23.833,70.022,82.698,43.118,66.298,42.695,46.866,57.312,4.994,42.455,63.973,95.97,25.701,48.207,63.475,75.116,71.243,9.759,66.187,6.152,0.154,23.046,25.032,74.168,84.618,17.342,1.784,8.493,54.626,46.878,47.568,62.087,34.579,22.169,86.648,74.698,28.25,13.325,21.174,22.598,61.597,13.393,12.815,88.507,49.254,45.101,18.146,45.619,36.211,67.445,4.79,99.512,65.837,52.117,87.726,18.67,9.981,92.557,52.633,43.198,3.485,71.098,18.96,23.029,82.71,71.15,53.423,54.202,50.55,29.773,81.134,1.581,74.808,66.715,46.212,90.022,62.585,88.441,77.186,24.658,66.339,79.16,31.107,75.282,5.598,38.332,70.156,72.227,24.444,58.974,52.622,24.135,64.521,5.457,99.078,93.371,31.049,8.121,41.969,66.516,64.541,59.205,28.981,74.613,44.511,45.226,66.451,6.825,99.366,56.951,78.74,21.525,41.426,91.951,87.311,86.973,32.557,71.865,78.027,32.803,78.518,13.507,97.236,11.477,56.028,74.832,17.292,95.285,33.219,63.036,8.738,28.078,21.376,48.742,42.252,40.103,19.67,91.527,58.341,88.334,35.308,76.579,56.272,62.228,49.346,46.477,8.589,47.869,62.704,15.37,86.514,13.515,4.399,71.81,12.333,78.899,9.742,25.552,50.461,40.78,41.622,5.771,18.22,8.581,48.844,58.617,10.768,86.704,76.722,76.115,56.506,39.754,9.815,69.729,67.069,80.457,66.38,0.792,71.317,63.116,35.304,69.463,90.021,27.29,65.896,48.377,67.339,64.111,87.657,72.07,58.911,39.408,34.957,65.923,61.916,81.611,19.837,4.487,99.411,11.497,12.43,46.475,74.294,6.395,65.253,86.465,25.602,75.887,23.502,0
94.455,46.33,67.551,67.985,49.771,21.268,90.32,78.702,13.008,79.917,76.904,53.203,48.211,4.809,66.562,0.908,70.886,59.029,59.927,25.676,47.031,47.738,62.955,68.572,18.233,51.0,95.557,41.294,94.037,99.128,59.633,48.137,26.42,39.433,88.739,97.935,60.425,49.754,66.851,47.457,79.365,89.792,74.998,45.946,75.07,17.028,76.805,36.825,42.32,65.643,24.498,98.957,5.042,15.364,75.717,38.686,98.892,91.715,37.171,14.441,36.241,53.202,72.765,88.945,48.962,32.018,1.052,96.959,75.927,74.612,66.119,17.586,68.857,65.246,29.753,46.125,38.601,94.729,41.52,67.843,93.962,18.341,37.888,26.031,69.767,78.868,20.461,40.488,93.204,10.732,57.311,17.605,96.207,44.14,39.446,29.811,22.297,86.749,3.825,31.836,62.955,83.684,39.325,99.213,21.771,1.651,65.195,20.085,14.509,92.558,79.254,5.382,67.882,38.884,5.649,51.042,87.013,96.505,80.982,84.686,5.547,30.046,90.95,10.809,20.448,65.404,76.515,89.2,19.541,93.219,72.947,74.862,99.36,63.1,60.435,36.489,16.009,92.191,88.684,76.542,59.57,58.074,54.413,44.067,46.881,6.119,36.054,51.683,58.477,77.03,47.42,98.569,69.34,91.993,38.418,76.558,93.045,32.566,70.38,18.308,82.209,47.826,4.963,12.729,24.729,77.593,82.537,21.214,12.869,50.931,19.504,81.537,42.069,15.66,24.971,75.784,84.431,28.713,35.971,48.203,69.319,74.185,99.083,52.63,17.278,62.54,37.441,72.243,35.319,41.368,8.497,43.573,98.77,36.459,55.798,15.651,22.011,36.86,88.291,69.08,32.316,49.025,2.583,98.832,43.718,0.574,66.69,76.778,54.694,86.977,17.734,92.839,79.738,35.681,14.372,85.386,52.716,49.785,37.456,89.377,35.075,90.545,64.892,30.032,94.322,41.054,66.419,85.049,49.884,41.236,67.589,32.096,45.485,15.089,51.992,10.271,0.981,96.49,99.871,94.919,72.597,4.928,54.633,93.463,48.018,40.312,31.05,93.555,35.062,2.556,67.765,54.294,65.051,32.006,1.054,0.151,90.448,55.606,68.043,42.047,59.454,80.372,25.999,49.955,7.938,21.215,53.139,77.195,54.805,42.677,19.386,38.41,63.4,38.866,33.049,93.602,23.397,81.724,44.269,74.375,40.842,22.887,95.267,57.716,86.062,15.622,86.531,69.239,91.988,17.027,11.444,92.487,34.493,18.132,48.492,20.674,88.607,49.874,28.83,31.322,32.313,16.459,60.029,0.867,90.828,0.39,47.324,75.155,2.642,47.82,90.914,56.367,16.385,7.604,35.54,58.75,45.09,97.651,40.969,0
57.214,75.107,93.58,58.06,60.65,9.313,75.138,48.469,72.07,38.887,36.484,61.4,64.554,52.715,52.397,80.624,50.597,59.56,67.997,90.316,87.209,45.268,24.474,79.979,61.207,25.317,26.244,95.81,72.277,93.271,6.452,43.514,84.425,32.013,33.895,25.097,47.673,27.767,43.859,15.781,14.16,50.759,51.521,44.438,38.349,81.482,78.545,91.745,8.138,54.828,56.279,51.915,33.211,49.278,87.047,53.787,97.341,12.683,18.74,59.465,63.925,2.847,5.974,58.919,31.969,35.068,11.331,23.011,32.208,36.432,3.242,72.936,6.716,22.412,30.292,18.49,40.875,85.973,73.938,46.935,98.068,18.844,23.429,93.774,91.027,77.478,76.3,33.623,20.218,87.728,19.475,71.368,61.253,47.23,93.27,82.116,67.055,2.014,39.595,81.055,50.377,73.024,12.004,40.334,0.009,49.009,48.88,62.921,63.289,50.425,85.956,14.63,70.156,47.609,19.035,85.194,42.492,4.74,93.197,45.566,58.104,81.295,72.474,86.764,84.554,41.192,56.922,65.735,99.577,50.324,32.59,33.498,1.114,87.944,5.525,64.259,27.744,36.38,4.637,70.426,60.06,15.708,60.98,97.302,98.959,77.339,2.72,8.169,92.908,61.215,71.067,68.974,14.757,35.569,44.864,15.834,28.965,23.76,33.257,30.429,7.841,35.123,49.988,6.769,44.208,20.33,55.115,77.065,72.509,78.844,16.459,80.155,31.573,9.056,87.927,78.652,84.744,46.035,3.43,50.602,50.081,0.715,32.933,31.542,20.048,55.062,0.222,19.58,39.188,61.859,47.722,43.738,21.693,61.921,37.096,76.942,74.076,97.375,34.92,79.75,85.206,40.875,41.541,18.167,77.948,53.473,31.757,54.751,55.279,78.139,82.794,18.316,86.505,52.069,33.36,44.98,87.742,55.675,15.559,28.879,96.04,57.35,31.018,22.269,10.342,24.133,87.08,42.61,19.222,3.534,95.739,37.198,21.575,40.8,26.08,92.133,20.419,86.035,77.836,76.296,92.886,42.338,16.188,53.573,42.557,66.671,4.593,39.909,48.075,99.568,34.99,35.573,78.466,73.501,75.34,32.714,10.048,0.301,94.344,75.721,66.909,44.192,90.02,13.084,97.722,29.366,17.884,68.845,80.307,53.319,61.485,50.219,6.469,62.818,91.195,80.592,52.86,15.125,34.261,50.385,75.607,78.419,62.928,4.647,2.128,28.813,11.414,79.297,8.565,5.927,46.692,94.998,76.273,57.985,11.694,37.898,52.3,11.888,76.653,82.214,8.599,63.521,62.969,96.921,8.933,64.79,1.665,27.549,66.357,35.629,4.209,87.168,31.189,55.2,3.392,64.072,58.716,13.012,47.756,1
87.414,57.068,68.177,92.685,38.443,60.698,30.775,24.2,43.709,34.828,69.601,89.563,82.439,94.543,92.031,22.526,65.542,21.117,21.753,29.288,14.01,16.474,36.282,77.122,91.63,9.728,3.838,72.955,23.571,6.462,76.318,29.679,64.282,18.398,27.215,63.605,78.343,63.067,71.019,40.138,24.778,60.747,77.041,72.963,25.985,21.172,90.718,71.006,1.818,70.148,87.298,72.427,86.778,54.373,73.664,49.582,16.572,31.618,30.159,68.742,37.648,73.874,5.093,57.955,94.522,21.076,49.782,1.391,58.999,96.861,88.754,96.963,95.925,91.103,10.265,89.332,22.982,62.671,29.406,60.274,67.936,54.952,36.483,10.115,25.238,26.111,40.885,99.533,36.969,23.163,15.479,34.918,42.17,12.723,40.243,50.058,39.466,77.028,16.18,75.592,88.638,35.466,49.817,74.561,58.436,30.908,28.01,3.712,5.993,56.407,50.561,78.364,11.973,90.374,65.203,8.955,33.685,49.604,93.284,3.682,27.775,38.265,94.374,8.249,83.428,77.0,44.78,89.665,33.297,84.816,26.249,10.479,18.536,26.124,96.855,68.219,50.023,63.287,59.96,79.155,73.854,28.581,98.602,25.695,65.986,83.928,79.816,11.45,21.919,73.029,46.291,4.454,59.494,48.511,42.857,2.092,18.935,54.758,19.233,24.653,39.218,32.526,16.478,89.895,81.675,67.012,0.243,80.165,28.132,67.587,31.099,26.153,76.29,27.026,79.676,43.533,12.397,35.23,28.241,32.555,34.149,8.631,19.746,81.726,43.024,15.244,8.828,53.336,93.885,86.309,36.009,7.239,0.889,66.701,27.317,13.252,96.774,36.203,14.136,48.124,0.663,40.196,54.117,63.861,51.055,27.387,87.681,92.266,69.712,43.86,47.081,15.13,18.815,30.685,69.227,18.433,61.83,48.871,93.63,73.33,24.823,40.671,15.836,24.746,15.465,40.943,44.883,91.589,42.954,29.142,88.209,33.574,50.661,50.87,12.362,63.456,29.29,38.48,96.953,64.017,45.78,29.422,68.6,97.563,28.953,60.71,19.388,7.292,41.708,34.658,88.483,15.698,86.633,72.768,88.448,40.887,26.063,81.498,96.394,0.458,68.674,22.991,64.914,89.756,64.617,20.924,18.673,19.139,39.683,90.194,71.124,20.639,10.73,45.018,1.481,24.333,4.123,20.737,68.059,22.161,19.971,65.419,79.549,66.475,88.704,9.584,1.572,39.801,27.955,81.78,15.752,42.337,53.775,86.872,87.13,22.208,52.851,69.312,91.445,64.445,36.536,19.395,11.035,27.603,88.53,89.409,56.337,54.418,9.425,48.469,26.009,8.659,31.752,80.347,2.149,37.758,42.631,50.011,84.603,0
71.572,35.322,28.97,3.787,14.115,91.285,65.302,80.974,31.094,95.191,55.219,60.512,14.461,92.363,33.689,63.833,55.026,69.631,86.883,89.376,96.167,9.93,79.207,24.471,4.311,41.581,6.506,52.937,3.317,32.308,48.007,61.355,58.193,92.323,1.766,13.595,61.513,52.345,3.717,99.883,47.761,35.382,86.726,42.265,39.566,93.278,4.962,53.34,41.875,9.294,39.133,92.999,67.362,16.396,29.091,44.252,22.604,98.564,5.392,68.59,45.338,92.353,75.443,57.856,19.501,1.001,89.366,15.505,91.341,34.129,79.047,66.496,17.708,79.609,48.238,63.249,98.495,93.575,49.244,51.367,32.637,65.328,62.37,71.627,84.312,61.604,6.311,16.824,22.841,11.72,33.017,17.411,59.605,82.618,17.292,57.49,67.062,17.465,77.085,25.592,11.213,59.266,85.349,24.882,68.394,84.576,29.574,77.086,36.783,23.472,8.532,53.701,78.741,36.101,26.827,54.608,5.743,81.399,83.116,57.399,73.645,26.96,42.85,39.978,98.699,83.584,24.218,84.227,35.948,63.853,36.55,1.707,83.158,33.618,24.401,49.284,3.869,87.45,49.98,46.477,3.135,58.106,73.175,11.557,78.954,9.499,87.881,79.36,76.588,99.138,70.661,0.236,19.295,23.648,80.618,37.476,42.062,42.052,1.839,4.876,31.238,3.099,88.666,67.718,98.898,91.86,32.688,0.713,93.595,16.638,17.415,97.175,5.456,56.705,7.726,38.774,27.633,76.053,39.861,93.688,23.11,37.914,29.283,90.414,95.344,19.03,0.78,47.536,69.11,12.108,79.395,29.51,46.511,73.847,4.62,76.241,60.372,63.684,36.198,55.408,59.802,70.975,0.568,83.005,81.388,41.307,44.098,80.859,63.769,15.73,41.72,22.583,59.81,8.703,79.977,23.863,18.212,10.943,65.216,2.813,70.453,80.629,97.264,78.338,37.637,99.425,5.432,41.421,74.249,2.17,29.485,16.761,19.327,88.362,44.03,28.755,66.429,57.998,36.721,8.545,33.713,15.116,71.335,86.374,62.404,61.814,83.593,69.41,67.769,34.788,39.377,12.202,52.692,94.388,52.264,70.314,84.396,52.411,80.721,11.535,81.567,55.384,24.927,47.735,10.589,86.577,11.333,6.669,16.248,26.309,15.721,70.172,50.075,99.4,88.684,96.615,43.96,7.436,67.279,20.389,7.436,74.107,89.57,88.478,26.37,57.336,92.206,68.239,40.229,32.118,90.47,31.748,5.35,35.188,74.028,0.491,25.417,89.278,64.953,79.505,93.314,40.332,90.636,46.151,38.695,20.63,87.684,11.336,67.21,45.193,53.226,85.709,66.467,52.235,82.825,8.785,16.233,93.752,96.481,1
58.713,35.766,83.858,25.953,3.065,56.974,66.57,85.209,92.989,91.094,29.077,12.988,39.881,5.725,89.434,43.769,81.99,14.855,29.091,12.297,87.007,20.578,76.23,17.253,96.039,70.736,84.238,83.622,25.348,99.857,31.71,29.164,39.576,43.65,27.475,75.289,14.586,22.882,84.296,64.422,89.456,88.231,12.63,7.329,7.923,92.057,26.171,5.481,51.852,94.927,59.76,34.771,62.791,33.794,14.881,27.908,68.944,39.091,14.686,84.55,49.525,42.469,32.475,76.125,23.362,94.656,75.206,27.034,79.251,0.955,3.373,32.358,82.153,10.34,69.103,21.319,98.04,92.845,10.423,22.377,67.43,64.077,74.283,78.976,63.274,75.691,1.188,49.637,59.862,68.394,63.897,53.553,57.66,68.45,32.123,74.769,5.351,55.743,76.596,22.742,1.369,10.648,67.368,63.4,96.691,63.873,48.845,83.781,24.044,26.746,22.29,98.573,82.978,85.655,46.88,43.202,60.298,3.443,66.485,50.196,36.025,83.61,36.281,24.142,66.576,84.173,48.369,86.26,4.878,98.349,79.516,21.427,1.854,91.194,11.558,32.747,39.783,57.23,44.769,64.426,73.775,35.847,56.466,32.755,78.784,93.808,3.251,35.01,92.17,15.316,6.742,26.69,72.992,39.057,50.533,39.673,20.549,87.876,60.56,89.174,28.802,42.602,63.545,9.039,34.633,26.941,81.25,72.106,92.225,63.626,93.029,38.123,73.967,51.28,89.194,61.141,51.052,53.274,73.571,65.613,39.375,79.906,8.903,12.274,96.003,82.168,46.035,58.257,60.268,87.82,14.852,82.6,16.019,24.142,8.131,32.932,48.605,13.7,0.231,69.013,83.323,51.91,34.403,75.667,42.892,42.462,68.907,69.93,95.797,26.121,18.948,79.116,49.681,70.839,18.863,20.155,65.056,23.252,49.007,25.438,90.82,10.123,89.589,72.243,1.187,25.263,3.469,59.392,89.638,26.09,36.962,50.818,6.551,70.891,28.749,34.238,97.753,66.251,99.637,13.594,95.926,79.359,22.623,86.99,64.1,90.698,86.352,57.468,35.889,84.839,68.387,49.17,60.78,96.776,60.688,39.538,67.141,18.213,21.086,58.497,45.383,22.253,72.166,9.954,96.089,78.488,7.144,58.3,8.507,32.062,10.198,88.815,7.365,65.56,5.072,2.938,32.817,37.296,76.494,4.435,86.846,40.501,57.677,95.468,83.229,81.251,71.147,87.686,17.053,13.943,72.928,18.136,85.61,90.635,55.772,78.535,52.372,32.175,70.387,80.533,5.923,76.814,76.413,57.552,20.72,83.097,10.483,48.004,98.398,97.495,56.186,43.961,51.918,47.972,16.946,22.519,98.744,42.425,94.633,0
14.056,64.95,51.586,61.727,80.971,20.914,6.761,10.671,23.189,92.541,84.245,30.16,71.437,54.446,78.674,80.408,54.031,19.734,63.795,98.461,43.767,74.043,23.131,12.33,22.333,20.887,6.12,25.021,26.658,16.905,84.231,31.316,3.117,85.632,88.233,1.526,32.087,23.264,35.608,65.001,50.771,13.017,20.446,26.38,72.354,66.714,77.905,2.743,55.541,17.92,65.191,23.234,99.243,5.796,93.048,72.916,53.494,49.215,59.156,55.333,16.597,34.061,48.633,35.411,46.45,99.21,42.617,29.479,32.113,84.983,94.721,21.636,3.332,77.181,38.133,41.609,89.17,6.085,89.017,69.81,21.316,90.542,9.061,57.307,98.692,71.863,69.696,99.89,98.921,59.028,33.696,22.022,59.497,49.007,72.64,84.102,25.563,5.707,48.767,62.277,97.253,0.842,94.792,48.565,63.102,21.121,41.417,81.075,58.071,87.912,89.616,28.68,91.954,51.736,4.508,14.388,9.65,18.251,27.03,97.377,29.857,29.855,55.888,93.168,24.383,36.019,78.934,32.127,76.777,94.502,83.448,57.553,60.59,33.529,89.111,38.459,91.519,44.116,63.574,12.939,81.444,98.661,90.653,74.804,3.421,34.558,54.873,66.143,60.534,84.711,31.378,97.53,32.082,92.039,53.711,56.837,75.353,78.963,84.983,53.961,80.073,93.409,26.305,32.183,32.664,70.404,99.89,74.412,71.928,77.979,82.437,44.726,29.442,18.545,96.973,26.03,92.655,63.584,90.418,97.374,92.122,92.324,66.598,41.983,79.756,28.061,56.398,17.429,11.704,39.356,49.841,31.596,73.632,67.955,3.544,98.097,7.155,88.426,86.41,7.844,87.313,34.911,62.915,5.216,63.008,1.91,7.216,25.484,78.52,95.343,35.935,51.915,0.556,4.902,4.02,29.38,2.25,71.321,25.487,35.879,62.327,38.504,79.193,29.569,96.777,80.973,35.101,36.128,1.893,99.352,55.16,60.501,85.968,39.632,13.455,44.348,6.052,96.619,53.034,69.668,60.244,73.848,8.918,50.714,17.064,89.245,79.262,38.406,17.688,65.788,5.988,67.504,36.814,32.99,2.25,24.026,33.82,2.153,86.802,92.968,7.064,49.726,7.116,43.284,27.452,94.941,48.419,76.624,72.173,38.728,18.869,77.032,81.47,62.584,69.078,89.271,77.689,15.631,24.75,58.394,40.2,5.791,36.222,96.341,9.964,50.99,92.063,27.806,59.371,28.286,76.108,64.363,60.694,75.911,25.13,30.831,94.147,54.224,18.522,89.473,6.731,8.802,79.903,24.208,44.393,12.7,94.173,68.285,27.905,49.311,71.238,81.702,15.712,57.828,74.817,32.461,57.469,71.759,26.615,1
